feature_id,evidence_row_id,site_record_id,species_latin_name,species_common_name,animal_scope,support_class,locality,political_entity,latitude,longitude,coordinate_basis,coordinate_confidence,sample_count,sample_record_ids,source_native_taxon_labels,source_native_tax_ids,source_native_scientific_names,taxon_alignment_statuses,project_accessions,paper_doi,supplementary_sources,time_label,nordic_inclusion
animal-atlas-feature:bos-taurus-locality-prjeb75467-hjrringtoftebk-denmark,animal-atlas-row:bos-taurus-prjeb75467-bos-taurus-locality-prjeb75467-hjrringtoftebk-denmark,bos_taurus:locality:prjeb75467:hjrringtoftebk:denmark,Bos taurus,cattle,wild_or_progenitor_context,ancient_but_too_weak,"Hjørring, Tofte Bæk",Denmark,57.2407065497517,9.8686973853874,supplementary_proximal_site_coordinates,approximate,1,bos_taurus:sample:prjeb75467:samea115574419,Bos primigenius (tax_id 9909),9909,Bos primigenius,project_species_mismatch,PRJEB75467,10.1038/s41586-024-08112-6,,7976-8173 BP,true
animal-atlas-feature:bos-taurus-locality-prjeb75467-lundbyi-denmark,animal-atlas-row:bos-taurus-prjeb75467-bos-taurus-locality-prjeb75467-lundbyi-denmark,bos_taurus:locality:prjeb75467:lundbyi:denmark,Bos taurus,cattle,wild_or_progenitor_context,ancient_but_too_weak,Lundby I,Denmark,55.3584015935903,11.3931303537925,supplementary_proximal_site_coordinates,approximate,2,bos_taurus:sample:prjeb75467:samea115574456;bos_taurus:sample:prjeb75467:samea115574457,Bos primigenius (tax_id 9909),9909,Bos primigenius,project_species_mismatch,PRJEB75467,10.1038/s41586-024-08112-6,,6748-7744 BP,true
animal-atlas-feature:bos-taurus-locality-prjeb75467-nevishg-sweden,animal-atlas-row:bos-taurus-prjeb75467-bos-taurus-locality-prjeb75467-nevishg-sweden,bos_taurus:locality:prjeb75467:nevishg:sweden,Bos taurus,cattle,wild_or_progenitor_context,ancient_but_too_weak,Nevishög,Sweden,55.6219,13.2297,supplementary_proximal_site_coordinates,approximate,1,bos_taurus:sample:prjeb75467:samea115574441,Bos primigenius (tax_id 9909),9909,Bos primigenius,project_species_mismatch,PRJEB75467,10.1038/s41586-024-08112-6,,9133-9536 BP,true
animal-atlas-feature:bos-taurus-locality-prjeb75467-skne-sweden,animal-atlas-row:bos-taurus-prjeb75467-bos-taurus-locality-prjeb75467-skne-sweden,bos_taurus:locality:prjeb75467:skne:sweden,Bos taurus,cattle,wild_or_progenitor_context,ancient_but_too_weak,Skåne,Sweden,55.8476269883224,13.8093770947441,supplementary_proximal_site_coordinates,approximate,1,bos_taurus:sample:prjeb75467:samea115574442,Bos primigenius (tax_id 9909),9909,Bos primigenius,project_species_mismatch,PRJEB75467,10.1038/s41586-024-08112-6,,9434-9657 BP,true
animal-atlas-feature:bos-taurus-locality-prjeb75467-barchedisolferinonearmantova-italy,animal-atlas-row:bos-taurus-prjeb75467-bos-taurus-locality-prjeb75467-barchedisolferinonearmantova-italy,bos_taurus:locality:prjeb75467:barchedisolferinonearmantova:italy,Bos taurus,cattle,wild_or_progenitor_context,ancient_but_too_weak,"Barche di Solferino, near Mantova",Italy,45.1581560673906,10.793506163037,supplementary_proximal_site_coordinates,approximate,1,bos_taurus:sample:prjeb75467:samea115574423,Bos primigenius (tax_id 9909),9909,Bos primigenius,project_species_mismatch,PRJEB75467,10.1038/s41586-024-08112-6,,12931-13172 BP,false
animal-atlas-feature:bos-taurus-locality-prjeb75467-barguzinriverbaikal-russia,animal-atlas-row:bos-taurus-prjeb75467-bos-taurus-locality-prjeb75467-barguzinriverbaikal-russia,bos_taurus:locality:prjeb75467:barguzinriverbaikal:russia,Bos taurus,cattle,wild_or_progenitor_context,ancient_but_too_weak,"Barguzin river, Baikal",Russia,51.4966093549618,104.037519968685,supplementary_proximal_site_coordinates,approximate,1,bos_taurus:sample:prjeb75467:samea115574404,Bos primigenius (tax_id 9909),9909,Bos primigenius,project_species_mismatch,PRJEB75467,10.1038/s41586-024-08112-6,,11941-12455 BP,false
animal-atlas-feature:bos-taurus-locality-prjeb75467-bedburgknigshoven-germany,animal-atlas-row:bos-taurus-prjeb75467-bos-taurus-locality-prjeb75467-bedburgknigshoven-germany,bos_taurus:locality:prjeb75467:bedburgknigshoven:germany,Bos taurus,cattle,wild_or_progenitor_context,ancient_but_too_weak,Bedburg-Königshoven,Germany,51.1072285985126,6.46428381971451,supplementary_proximal_site_coordinates,approximate,1,bos_taurus:sample:prjeb75467:samea115574405,Bos primigenius (tax_id 9909),9909,Bos primigenius,project_species_mismatch,PRJEB75467,10.1038/s41586-024-08112-6,,11402-11875 BP,false
animal-atlas-feature:bos-taurus-locality-prjeb75467-borly4pavlodarregion-kazakhstan,animal-atlas-row:bos-taurus-prjeb75467-bos-taurus-locality-prjeb75467-borly4pavlodarregion-kazakhstan,bos_taurus:locality:prjeb75467:borly4pavlodarregion:kazakhstan,Bos taurus,cattle,wild_or_progenitor_context,ancient_but_too_weak,"Borly 4, Pavlodar region",Kazakhstan,52.040164667297,77.7272383993485,supplementary_proximal_site_coordinates,approximate,1,bos_taurus:sample:prjeb75467:samea115574407,Bos primigenius (tax_id 9909),9909,Bos primigenius,project_species_mismatch,PRJEB75467,10.1038/s41586-024-08112-6,,4839-5025 BP,false
animal-atlas-feature:bos-taurus-locality-prjeb75467-grottadelluzzosicily-italy,animal-atlas-row:bos-taurus-prjeb75467-bos-taurus-locality-prjeb75467-grottadelluzzosicily-italy,bos_taurus:locality:prjeb75467:grottadelluzzosicily:italy,Bos taurus,cattle,wild_or_progenitor_context,ancient_but_too_weak,"Grotta dell'Uzzo, Sicily",Italy,37.5934202669809,13.8526139597698,supplementary_proximal_site_coordinates,approximate,1,bos_taurus:sample:prjeb75467:samea115574448,Bos primigenius (tax_id 9909),9909,Bos primigenius,project_species_mismatch,PRJEB75467,10.1038/s41586-024-08112-6,,9429-9542 BP,false
animal-atlas-feature:bos-taurus-locality-prjeb75467-gyumridistrict-armenia,animal-atlas-row:bos-taurus-prjeb75467-bos-taurus-locality-prjeb75467-gyumridistrict-armenia,bos_taurus:locality:prjeb75467:gyumridistrict:armenia,Bos taurus,cattle,wild_or_progenitor_context,ancient_but_too_weak,Gyumri district,Armenia,41.1320112833211,43.8712544488537,supplementary_proximal_site_coordinates,approximate,1,bos_taurus:sample:prjeb75467:samea115574418,Bos primigenius (tax_id 9909),9909,Bos primigenius,project_species_mismatch,PRJEB75467,10.1038/s41586-024-08112-6,,13789-14023 BP,false
animal-atlas-feature:bos-taurus-locality-prjeb75467-herxheim-germany,animal-atlas-row:bos-taurus-prjeb75467-bos-taurus-locality-prjeb75467-herxheim-germany,bos_taurus:locality:prjeb75467:herxheim:germany,Bos taurus,cattle,wild_or_progenitor_context,ancient_but_too_weak,Herxheim,Germany,49.145275,8.221805,supplementary_proximal_site_coordinates,approximate,1,bos_taurus:sample:prjeb75467:samea115574420,Bos primigenius (tax_id 9909),9909,Bos primigenius,project_species_mismatch,PRJEB75467,10.1038/s41586-024-08112-6,,3321-8989 BP,false
animal-atlas-feature:bos-taurus-locality-prjeb75467-novoilinkavivi-russia,animal-atlas-row:bos-taurus-prjeb75467-bos-taurus-locality-prjeb75467-novoilinkavivi-russia,bos_taurus:locality:prjeb75467:novoilinkavivi:russia,Bos taurus,cattle,wild_or_progenitor_context,ancient_but_too_weak,Novoil`inka-VI (Новоильинка-VI),Russia,51.669,81.911,supplementary_proximal_site_coordinates,approximate,2,bos_taurus:sample:prjeb75467:samea115574428;bos_taurus:sample:prjeb75467:samea115574429,Bos primigenius (tax_id 9909),9909,Bos primigenius,project_species_mismatch,PRJEB75467,10.1038/s41586-024-08112-6,,4990-5308 BP,false
animal-atlas-feature:bos-taurus-locality-prjeb75467-ocourelgalicia-spain,animal-atlas-row:bos-taurus-prjeb75467-bos-taurus-locality-prjeb75467-ocourelgalicia-spain,bos_taurus:locality:prjeb75467:ocourelgalicia:spain,Bos taurus,cattle,wild_or_progenitor_context,ancient_but_too_weak,"O Courel, Galicia",Spain,43.0719383129431,-8.66097028062168,supplementary_proximal_site_coordinates,approximate,3,bos_taurus:sample:prjeb75467:samea115574415;bos_taurus:sample:prjeb75467:samea115574416;bos_taurus:sample:prjeb75467:samea115574417,Bos primigenius (tax_id 9909),9909,Bos primigenius,project_species_mismatch,PRJEB75467,10.1038/s41586-024-08112-6,,9026-9474 BP,false
animal-atlas-feature:bos-taurus-locality-prjeb75467-padova-italy,animal-atlas-row:bos-taurus-prjeb75467-bos-taurus-locality-prjeb75467-padova-italy,bos_taurus:locality:prjeb75467:padova:italy,Bos taurus,cattle,wild_or_progenitor_context,ancient_but_too_weak,Padova,Italy,45.406241207952,11.8823169512564,supplementary_proximal_site_coordinates,approximate,1,bos_taurus:sample:prjeb75467:samea115574430,Bos primigenius (tax_id 9909),9909,Bos primigenius,project_species_mismatch,PRJEB75467,10.1038/s41586-024-08112-6,,13793-14216 BP,false
animal-atlas-feature:bos-taurus-locality-prjeb75467-palidorolatium-italy,animal-atlas-row:bos-taurus-prjeb75467-bos-taurus-locality-prjeb75467-palidorolatium-italy,bos_taurus:locality:prjeb75467:palidorolatium:italy,Bos taurus,cattle,wild_or_progenitor_context,ancient_but_too_weak,"Palidoro, Latium",Italy,41.9268766840193,12.1784197861236,supplementary_proximal_site_coordinates,approximate,1,bos_taurus:sample:prjeb75467:samea115574432,Bos primigenius (tax_id 9909),9909,Bos primigenius,project_species_mismatch,PRJEB75467,10.1038/s41586-024-08112-6,,17798-18236 BP,false
animal-atlas-feature:bos-taurus-locality-prjeb75467-roshchinskoe-kazakhstan,animal-atlas-row:bos-taurus-prjeb75467-bos-taurus-locality-prjeb75467-roshchinskoe-kazakhstan,bos_taurus:locality:prjeb75467:roshchinskoe:kazakhstan,Bos taurus,cattle,wild_or_progenitor_context,ancient_but_too_weak,Roshchinskoe,Kazakhstan,54.1452769675404,69.1937753660588,supplementary_proximal_site_coordinates,approximate,2,bos_taurus:sample:prjeb75467:samea115574436;bos_taurus:sample:prjeb75467:samea115574437,Bos primigenius (tax_id 9909),9909,Bos primigenius,project_species_mismatch,PRJEB75467,10.1038/s41586-024-08112-6,,5298-5465 BP,false
animal-atlas-feature:bos-taurus-locality-prjeb75467-trierbrderkrankenhaus-germany,animal-atlas-row:bos-taurus-prjeb75467-bos-taurus-locality-prjeb75467-trierbrderkrankenhaus-germany,bos_taurus:locality:prjeb75467:trierbrderkrankenhaus:germany,Bos taurus,cattle,wild_or_progenitor_context,ancient_but_too_weak,Trier-Brüderkrankenhaus,Germany,49.75,6.633333,supplementary_proximal_site_coordinates,approximate,1,bos_taurus:sample:prjeb75467:samea115574445,Bos primigenius (tax_id 9909),9909,Bos primigenius,project_species_mismatch,PRJEB75467,10.1038/s41586-024-08112-6,,9902-10217 BP,false
animal-atlas-feature:bos-taurus-locality-prjeb75467-tuladistrict-russia,animal-atlas-row:bos-taurus-prjeb75467-bos-taurus-locality-prjeb75467-tuladistrict-russia,bos_taurus:locality:prjeb75467:tuladistrict:russia,Bos taurus,cattle,wild_or_progenitor_context,ancient_but_too_weak,Tula district,Russia,54.1927677001745,37.6054675840347,supplementary_proximal_site_coordinates,approximate,1,bos_taurus:sample:prjeb75467:samea115574446,Bos primigenius (tax_id 9909),9909,Bos primigenius,project_species_mismatch,PRJEB75467,10.1038/s41586-024-08112-6,,40672-42386 BP,false
animal-atlas-feature:bos-taurus-locality-prjeb75467-upperrhinevalley-germany,animal-atlas-row:bos-taurus-prjeb75467-bos-taurus-locality-prjeb75467-upperrhinevalley-germany,bos_taurus:locality:prjeb75467:upperrhinevalley:germany,Bos taurus,cattle,wild_or_progenitor_context,ancient_but_too_weak,Upper Rhine Valley,Germany,51.6188100745602,9.66938943552029,supplementary_proximal_site_coordinates,approximate,3,bos_taurus:sample:prjeb75467:samea115574433;bos_taurus:sample:prjeb75467:samea115574434;bos_taurus:sample:prjeb75467:samea115574435,Bos primigenius (tax_id 9909),9909,Bos primigenius,project_species_mismatch,PRJEB75467,10.1038/s41586-024-08112-6,,10048-68764 BP,false
animal-atlas-feature:bos-taurus-locality-prjeb75467-varfolomeevka-russia,animal-atlas-row:bos-taurus-prjeb75467-bos-taurus-locality-prjeb75467-varfolomeevka-russia,bos_taurus:locality:prjeb75467:varfolomeevka:russia,Bos taurus,cattle,wild_or_progenitor_context,ancient_but_too_weak,Varfolomeevka,Russia,51.6301587756887,49.6658507598358,supplementary_proximal_site_coordinates,approximate,2,bos_taurus:sample:prjeb75467:samea115574449;bos_taurus:sample:prjeb75467:samea115574450,Bos primigenius (tax_id 9909),9909,Bos primigenius,project_species_mismatch,PRJEB75467,10.1038/s41586-024-08112-6,,7164-7567 BP,false
animal-atlas-feature:bos-taurus-locality-prjeb75467-vratsa-bulgaria,animal-atlas-row:bos-taurus-prjeb75467-bos-taurus-locality-prjeb75467-vratsa-bulgaria,bos_taurus:locality:prjeb75467:vratsa:bulgaria,Bos taurus,cattle,wild_or_progenitor_context,ancient_but_too_weak,Vratsa,Bulgaria,42.9726491502666,24.118494664326,supplementary_proximal_site_coordinates,approximate,2,bos_taurus:sample:prjeb75467:samea115574452;bos_taurus:sample:prjeb75467:samea115574454,Bos primigenius (tax_id 9909),9909,Bos primigenius,project_species_mismatch,PRJEB75467,10.1038/s41586-024-08112-6,,5932-6244 BP,false
animal-atlas-feature:bos-taurus-locality-prjeb75467-yorkshire-britain,animal-atlas-row:bos-taurus-prjeb75467-bos-taurus-locality-prjeb75467-yorkshire-britain,bos_taurus:locality:prjeb75467:yorkshire:britain,Bos taurus,cattle,wild_or_progenitor_context,ancient_but_too_weak,Yorkshire,Britain,54.1101,-2.2914,supplementary_proximal_site_coordinates,approximate,1,bos_taurus:sample:prjeb75467:samea115574455,Bos primigenius (tax_id 9909),9909,Bos primigenius,project_species_mismatch,PRJEB75467,10.1038/s41586-024-08112-6,,4584-4835 BP,false
animal-atlas-feature:capra-hircus-locality-prjeb90141-acemhyk-aksarayplainturkey,animal-atlas-row:capra-hircus-prjeb90141-capra-hircus-locality-prjeb90141-acemhyk-aksarayplainturkey,capra_hircus:locality:prjeb90141:acemhyk:aksarayplainturkey,Capra hircus,goat,domesticated_core,accepted,Acemhöyük,"Aksaray Plain, Turkey",38.540978,33.771234,supplementary_table_coordinates,exact,1,capra_hircus:sample:prjeb90141:samea4591761,,,,not_reported,PRJEB90141,10.1093/gbe/evaf181,,3833-3984 BP,false
animal-atlas-feature:capra-hircus-locality-prjeb90141-blagotinpoljna-trstenikserbia,animal-atlas-row:capra-hircus-prjeb90141-capra-hircus-locality-prjeb90141-blagotinpoljna-trstenikserbia,capra_hircus:locality:prjeb90141:blagotinpoljna:trstenikserbia,Capra hircus,goat,domesticated_core,accepted,Blagotin-Poljna,"Trstenik, Serbia",43.723286,21.099449,supplementary_table_coordinates,exact,1,capra_hircus:sample:prjeb90141:samea4588077,,,,not_reported,PRJEB90141,10.1093/gbe/evaf181,,7840-8030 BP,false
animal-atlas-feature:capra-hircus-locality-prjeb90141-direklicave-taurusmountainsturkey,animal-atlas-row:capra-hircus-prjeb90141-capra-hircus-locality-prjeb90141-direklicave-taurusmountainsturkey,capra_hircus:locality:prjeb90141:direklicave:taurusmountainsturkey,Capra hircus,goat,wild_or_progenitor_context,accepted,Direkli Cave,"Taurus Mountains, Turkey",37.8578,36.653883,supplementary_table_coordinates,exact,1,capra_hircus:sample:prjeb90141:samea4453841,,,,not_reported,PRJEB90141,10.1093/gbe/evaf181,,13169-13316 BP,false
animal-atlas-feature:capra-hircus-locality-prjeb90141-sangechakhmaq-semnaniran,animal-atlas-row:capra-hircus-prjeb90141-capra-hircus-locality-prjeb90141-sangechakhmaq-semnaniran,capra_hircus:locality:prjeb90141:sangechakhmaq:semnaniran,Capra hircus,goat,domesticated_core,accepted,Sang-e Chakhmaq,"Semnan, Iran",36.504158,55.000786,supplementary_table_coordinates,exact,1,capra_hircus:sample:prjeb90141:samea4591758,,,,not_reported,PRJEB90141,10.1093/gbe/evaf181,,7939-8170 BP,false
animal-atlas-feature:capra-hircus-locality-prjeb90261-aguadulce-grancanaria,animal-atlas-row:capra-hircus-prjeb90261-capra-hircus-locality-prjeb90261-aguadulce-grancanaria,capra_hircus:locality:prjeb90261:aguadulce:grancanaria,Capra hircus,goat,domesticated_core,accepted,Aguadulce,Gran Canaria,27.963741,-15.381412,supplementary_table_coordinates,exact,1,capra_hircus:sample:prjeb90261:pgull-1961,,,,not_reported,PRJEB90261,10.1016/j.isci.2025.113771,,11th - 12th centuries CE (SUII),false
animal-atlas-feature:capra-hircus-locality-prjeb90261-belmaco-lapalma,animal-atlas-row:capra-hircus-prjeb90261-capra-hircus-locality-prjeb90261-belmaco-lapalma,capra_hircus:locality:prjeb90261:belmaco:lapalma,Capra hircus,goat,domesticated_core,accepted,Belmaco,La Palma,28.5786,-17.7762,supplementary_table_coordinates,exact,1,capra_hircus:sample:prjeb90261:pgull-2197,,,,not_reported,PRJEB90261,10.1016/j.isci.2025.113771,,11th - 12th centuries CE (SU17-18),false
animal-atlas-feature:capra-hircus-locality-prjeb90261-buracas-lapalma,animal-atlas-row:capra-hircus-prjeb90261-capra-hircus-locality-prjeb90261-buracas-lapalma,capra_hircus:locality:prjeb90261:buracas:lapalma,Capra hircus,goat,domesticated_core,accepted,Buracas,La Palma,28.7924,-17.9765,supplementary_table_coordinates,exact,1,capra_hircus:sample:prjeb90261:pgull-2201,,,,not_reported,PRJEB90261,10.1016/j.isci.2025.113771,,6th - 8th centuries CE (SU15),false
animal-atlas-feature:capra-hircus-locality-prjeb90261-caserones-grancanaria,animal-atlas-row:capra-hircus-prjeb90261-capra-hircus-locality-prjeb90261-caserones-grancanaria,capra_hircus:locality:prjeb90261:caserones:grancanaria,Capra hircus,goat,domesticated_core,accepted,Caserones,Gran Canaria,28.002674,-15.813492,supplementary_table_coordinates,exact,2,capra_hircus:sample:prjeb90261:pgull-2144;capra_hircus:sample:prjeb90261:pgull-2145,,,,not_reported,PRJEB90261,10.1016/j.isci.2025.113771,,13th - 14th centuries CE (SU13),false
animal-atlas-feature:capra-hircus-locality-prjeb90261-cuevadebencomo-tenerife,animal-atlas-row:capra-hircus-prjeb90261-capra-hircus-locality-prjeb90261-cuevadebencomo-tenerife,capra_hircus:locality:prjeb90261:cuevadebencomo:tenerife,Capra hircus,goat,domesticated_core,accepted,Cueva de Bencomo,Tenerife,28.4071,-16.5061,supplementary_table_coordinates,exact,1,capra_hircus:sample:prjeb90261:pgull-1786,,,,not_reported,PRJEB90261,10.1016/j.isci.2025.113771,,7th - 11th centuries CE (SU2),false
animal-atlas-feature:capra-hircus-locality-prjeb90261-cuevadelaherradura-elhierro,animal-atlas-row:capra-hircus-prjeb90261-capra-hircus-locality-prjeb90261-cuevadelaherradura-elhierro,capra_hircus:locality:prjeb90261:cuevadelaherradura:elhierro,Capra hircus,goat,domesticated_core,accepted,Cueva de la Herradura,El Hierro,27.640201,-17.989809,supplementary_table_coordinates,exact,3,capra_hircus:sample:prjeb90261:pgull-1962;capra_hircus:sample:prjeb90261:pgull-1965;capra_hircus:sample:prjeb90261:pgull-2202,,,,not_reported,PRJEB90261,10.1016/j.isci.2025.113771,,3rd - 4th centuries CE (SU110),false
animal-atlas-feature:capra-hircus-locality-prjeb90261-cuevadevillaverde-fuerteventura,animal-atlas-row:capra-hircus-prjeb90261-capra-hircus-locality-prjeb90261-cuevadevillaverde-fuerteventura,capra_hircus:locality:prjeb90261:cuevadevillaverde:fuerteventura,Capra hircus,goat,domesticated_core,accepted,Cueva de Villaverde,Fuerteventura,28.637196,-13.899854,supplementary_table_coordinates,exact,13,capra_hircus:sample:prjeb90261:pgull-1233;capra_hircus:sample:prjeb90261:pgull-1235;capra_hircus:sample:prjeb90261:pgull-1236;capra_hircus:sample:prjeb90261:pgull-1238;capra_hircus:sample:prjeb90261:pgull-1239;capra_hircus:sample:prjeb90261:pgull-1240;capra_hircus:sample:prjeb90261:pgull-1241;capra_hircus:sample:prjeb90261:pgull-1244;capra_hircus:sample:prjeb90261:pgull-1246;capra_hircus:sample:prjeb90261:pgull-1247;capra_hircus:sample:prjeb90261:pgull-1249;capra_hircus:sample:prjeb90261:pgull-1251;capra_hircus:sample:prjeb90261:pgull-1256,,,,not_reported,PRJEB90261,10.1016/j.isci.2025.113771,,6th - 12th centuries CE (site),false
animal-atlas-feature:capra-hircus-locality-prjeb90261-cuevasdeherreragonzlez-lagomera,animal-atlas-row:capra-hircus-prjeb90261-capra-hircus-locality-prjeb90261-cuevasdeherreragonzlez-lagomera,capra_hircus:locality:prjeb90261:cuevasdeherreragonzlez:lagomera,Capra hircus,goat,domesticated_core,accepted,Cuevas de Herrera González,La Gomera,28.174384,-17.323679,supplementary_table_coordinates,exact,1,capra_hircus:sample:prjeb90261:pgull-0529,,,,not_reported,PRJEB90261,10.1016/j.isci.2025.113771,,15th century CE (SU6),false
animal-atlas-feature:capra-hircus-locality-prjeb90261-elchorrillo-tenerife,animal-atlas-row:capra-hircus-prjeb90261-capra-hircus-locality-prjeb90261-elchorrillo-tenerife,capra_hircus:locality:prjeb90261:elchorrillo:tenerife,Capra hircus,goat,domesticated_core,accepted,El Chorrillo,Tenerife,28.422,-16.3133,supplementary_table_coordinates,exact,1,capra_hircus:sample:prjeb90261:pgull-2220,,,,not_reported,PRJEB90261,10.1016/j.isci.2025.113771,,13th - 14th centuries CE (SU8),false
animal-atlas-feature:capra-hircus-locality-prjeb90261-ellomitodelmedio-lagomera,animal-atlas-row:capra-hircus-prjeb90261-capra-hircus-locality-prjeb90261-ellomitodelmedio-lagomera,capra_hircus:locality:prjeb90261:ellomitodelmedio:lagomera,Capra hircus,goat,domesticated_core,accepted,El Lomito del Medio,La Gomera,28.085573,-17.149227,supplementary_table_coordinates,exact,3,capra_hircus:sample:prjeb90261:pgull-0515;capra_hircus:sample:prjeb90261:pgull-0518;capra_hircus:sample:prjeb90261:pgull-0523,,,,not_reported,PRJEB90261,10.1016/j.isci.2025.113771,,7th - 8th centuries CE (SU2),false
animal-atlas-feature:capra-hircus-locality-prjeb90261-elportaln-burgos,animal-atlas-row:capra-hircus-prjeb90261-capra-hircus-locality-prjeb90261-elportaln-burgos,capra_hircus:locality:prjeb90261:elportaln:burgos,Capra hircus,goat,domesticated_core,accepted,El Portalón,Burgos,42.2853,-3.8335,supplementary_table_coordinates,exact,1,capra_hircus:sample:prjeb90261:apor012,,,,not_reported,PRJEB90261,10.1016/j.isci.2025.113771,,86-237 cal CE (sample),false
animal-atlas-feature:capra-hircus-locality-prjeb90261-eltendal-lapalma,animal-atlas-row:capra-hircus-prjeb90261-capra-hircus-locality-prjeb90261-eltendal-lapalma,capra_hircus:locality:prjeb90261:eltendal:lapalma,Capra hircus,goat,domesticated_core,accepted,El Tendal,La Palma,28.787616,-17.765601,supplementary_table_coordinates,exact,3,capra_hircus:sample:prjeb90261:pgull-1964;capra_hircus:sample:prjeb90261:pgull-2228;capra_hircus:sample:prjeb90261:pgull-2230,,,,not_reported,PRJEB90261,10.1016/j.isci.2025.113771,,11th - 12th centuries CE (SU104),false
animal-atlas-feature:capra-hircus-locality-prjeb90261-fiquinineo-lanzarote,animal-atlas-row:capra-hircus-prjeb90261-capra-hircus-locality-prjeb90261-fiquinineo-lanzarote,capra_hircus:locality:prjeb90261:fiquinineo:lanzarote,Capra hircus,goat,domesticated_core,accepted,Fiquinineo,Lanzarote,29.078038,-13.596783,supplementary_table_coordinates,exact,1,capra_hircus:sample:prjeb90261:pgull-1963,,,,not_reported,PRJEB90261,10.1016/j.isci.2025.113771,,11th - 12th centuries (SU3),false
animal-atlas-feature:capra-hircus-locality-prjeb90261-hospitaldesanmartincallesanmarcial-grancanaria,animal-atlas-row:capra-hircus-prjeb90261-capra-hircus-locality-prjeb90261-hospitaldesanmartincallesanmarcial-grancanaria,capra_hircus:locality:prjeb90261:hospitaldesanmartincallesanmarcial:grancanaria,Capra hircus,goat,domesticated_core,accepted,Hospital de San Martin - Calle San Marcial,Gran Canaria,28.10131375,-15.4148534,supplementary_table_coordinates,exact,3,capra_hircus:sample:prjeb90261:pgull-1664;capra_hircus:sample:prjeb90261:pgull-1677;capra_hircus:sample:prjeb90261:pgull-1688,,,,not_reported,PRJEB90261,10.1016/j.isci.2025.113771,,17th - 18th centuries CE (R3; SU72),false
animal-atlas-feature:capra-hircus-locality-prjeb90261-lacaadadelagurona-lagomera,animal-atlas-row:capra-hircus-prjeb90261-capra-hircus-locality-prjeb90261-lacaadadelagurona-lagomera,capra_hircus:locality:prjeb90261:lacaadadelagurona:lagomera,Capra hircus,goat,domesticated_core,accepted,La Cañada de la Gurona,La Gomera,28.178344,-17.193564,supplementary_table_coordinates,exact,5,capra_hircus:sample:prjeb90261:pgull-0533;capra_hircus:sample:prjeb90261:pgull-0535;capra_hircus:sample:prjeb90261:pgull-0537;capra_hircus:sample:prjeb90261:pgull-0539;capra_hircus:sample:prjeb90261:pgull-0540,,,,not_reported,PRJEB90261,10.1016/j.isci.2025.113771,,10th - 11th centuries CE (site),false
animal-atlas-feature:capra-hircus-locality-prjeb90261-lafortaleza-grancanaria,animal-atlas-row:capra-hircus-prjeb90261-capra-hircus-locality-prjeb90261-lafortaleza-grancanaria,capra_hircus:locality:prjeb90261:lafortaleza:grancanaria,Capra hircus,goat,domesticated_core,accepted,La Fortaleza,Gran Canaria,27.8812894086404,-15.5273143528428,supplementary_table_coordinates,exact,1,capra_hircus:sample:prjeb90261:pgull-1404,,,,not_reported,PRJEB90261,10.1016/j.isci.2025.113771,,7th - 8th centuries CE (SU8),false
animal-atlas-feature:capra-hircus-locality-prjeb90261-llanodelsombrero-fuerteventura,animal-atlas-row:capra-hircus-prjeb90261-capra-hircus-locality-prjeb90261-llanodelsombrero-fuerteventura,capra_hircus:locality:prjeb90261:llanodelsombrero:fuerteventura,Capra hircus,goat,domesticated_core,accepted,Llano del Sombrero,Fuerteventura,28.408761,-14.125189,supplementary_table_coordinates,exact,4,capra_hircus:sample:prjeb90261:pgull-1969;capra_hircus:sample:prjeb90261:pgull-1971;capra_hircus:sample:prjeb90261:pgull-1972;capra_hircus:sample:prjeb90261:pgull-2235,,,,not_reported,PRJEB90261,10.1016/j.isci.2025.113771,,11th - 12th centuries (A; SU11),false
animal-atlas-feature:capra-hircus-locality-prjeb90261-lobos-lobos,animal-atlas-row:capra-hircus-prjeb90261-capra-hircus-locality-prjeb90261-lobos-lobos,capra_hircus:locality:prjeb90261:lobos:lobos,Capra hircus,goat,domesticated_core,accepted,Lobos,Lobos,28.741962,-13.825055,supplementary_table_coordinates,exact,17,capra_hircus:sample:prjeb90261:pgull-1295;capra_hircus:sample:prjeb90261:pgull-1296;capra_hircus:sample:prjeb90261:pgull-1299;capra_hircus:sample:prjeb90261:pgull-1300;capra_hircus:sample:prjeb90261:pgull-1301;capra_hircus:sample:prjeb90261:pgull-1302;capra_hircus:sample:prjeb90261:pgull-1304;capra_hircus:sample:prjeb90261:pgull-1305;capra_hircus:sample:prjeb90261:pgull-1307;capra_hircus:sample:prjeb90261:pgull-1308;capra_hircus:sample:prjeb90261:pgull-1309;capra_hircus:sample:prjeb90261:pgull-1314;capra_hircus:sample:prjeb90261:pgull-1315;capra_hircus:sample:prjeb90261:pgull-1316;capra_hircus:sample:prjeb90261:pgull-1317;capra_hircus:sample:prjeb90261:pgull-1319;capra_hircus:sample:prjeb90261:pgull-1868,,,,not_reported,PRJEB90261,10.1016/j.isci.2025.113771,,1st century BCE - 3rd century CE (site),false
animal-atlas-feature:capra-hircus-locality-prjeb90261-losriscosdeifara-tenerife,animal-atlas-row:capra-hircus-prjeb90261-capra-hircus-locality-prjeb90261-losriscosdeifara-tenerife,capra_hircus:locality:prjeb90261:losriscosdeifara:tenerife,Capra hircus,goat,domesticated_core,accepted,Los Riscos de Ifara,Tenerife,28.0842,-16.5289,supplementary_table_coordinates,exact,1,capra_hircus:sample:prjeb90261:pgull-2143,,,,not_reported,PRJEB90261,10.1016/j.isci.2025.113771,,15th century CE (SU3),false
animal-atlas-feature:capra-hircus-locality-prjeb90261-playachica-grancanaria,animal-atlas-row:capra-hircus-prjeb90261-capra-hircus-locality-prjeb90261-playachica-grancanaria,capra_hircus:locality:prjeb90261:playachica:grancanaria,Capra hircus,goat,domesticated_core,accepted,Playa Chica,Gran Canaria,28.151167,-15.696242,supplementary_table_coordinates,exact,6,capra_hircus:sample:prjeb90261:pgull-1968;capra_hircus:sample:prjeb90261:pgull-2205;capra_hircus:sample:prjeb90261:pgull-2207;capra_hircus:sample:prjeb90261:pgull-2208;capra_hircus:sample:prjeb90261:pgull-2210;capra_hircus:sample:prjeb90261:pgull-2211,,,,not_reported,PRJEB90261,10.1016/j.isci.2025.113771,,12th - 13th centuries CE (Zone 1; SU2),false
animal-atlas-feature:capra-hircus-locality-prjeb90261-puntadelmallorqun-fuerteventura,animal-atlas-row:capra-hircus-prjeb90261-capra-hircus-locality-prjeb90261-puntadelmallorqun-fuerteventura,capra_hircus:locality:prjeb90261:puntadelmallorqun:fuerteventura,Capra hircus,goat,domesticated_core,accepted,Punta del Mallorquín,Fuerteventura,28.665573,-14.008963,supplementary_table_coordinates,exact,3,capra_hircus:sample:prjeb90261:pgull-1974;capra_hircus:sample:prjeb90261:pgull-2217;capra_hircus:sample:prjeb90261:pgull-2218,,,,not_reported,PRJEB90261,10.1016/j.isci.2025.113771,,5th - 6th centuries (C; SU12),false
animal-atlas-feature:capra-hircus-locality-prjeb90261-tigalate-lapalma,animal-atlas-row:capra-hircus-prjeb90261-capra-hircus-locality-prjeb90261-tigalate-lapalma,capra_hircus:locality:prjeb90261:tigalate:lapalma,Capra hircus,goat,domesticated_core,accepted,Tigalate,La Palma,28.552055,-17.812254,supplementary_table_coordinates,exact,1,capra_hircus:sample:prjeb90261:pgull-2146,,,,not_reported,PRJEB90261,10.1016/j.isci.2025.113771,,15th - 17th centuries CE (site),false
animal-atlas-feature:capra-hircus-locality-prjna1328209-lakeqinghaibasin-china,animal-atlas-row:capra-hircus-prjna1328209-capra-hircus-locality-prjna1328209-lakeqinghaibasin-china,capra_hircus:locality:prjna1328209:lakeqinghaibasin:china,Capra hircus,goat,domesticated_core,accepted,Lake Qinghai basin,China,36.584302,100.502975,supplementary_table_coordinates,exact,5,capra_hircus:sample:prjna1328209:dc23;capra_hircus:sample:prjna1328209:dc27-he;capra_hircus:sample:prjna1328209:dc40;capra_hircus:sample:prjna1328209:dc47_4he;capra_hircus:sample:prjna1328209:dc48-1,,,,not_reported,PRJNA1328209,10.24272/j.issn.2095-8137.2025.080,,3480-3580 BP,false
animal-atlas-feature:equus-caballus-locality-prjeb31613-batagai-russia,animal-atlas-row:equus-caballus-prjeb31613-equus-caballus-locality-prjeb31613-batagai-russia,equus_caballus:locality:prjeb31613:batagai:russia,Equus caballus,horse,wild_or_progenitor_context,accepted,Batagai,Russia,67.5666667,134.766666666666,supplementary_table_coordinates,exact,1,equus_caballus:sample:prjeb31613:batagai_5155,,,,not_reported,PRJEB31613,10.1016/j.cell.2019.03.049,,5155 BP,false
animal-atlas-feature:equus-caballus-locality-prjeb31613-goyet-belgium,animal-atlas-row:equus-caballus-prjeb31613-equus-caballus-locality-prjeb31613-goyet-belgium,equus_caballus:locality:prjeb31613:goyet:belgium,Equus caballus,horse,wild_or_progenitor_context,accepted,Goyet,Belgium,50.44667,5.00911,supplementary_table_coordinates,exact,4,equus_caballus:sample:prjeb31613:cgg_1_018522;equus_caballus:sample:prjeb31613:cgg_1_018529;equus_caballus:sample:prjeb31613:cgg_1_018533;equus_caballus:sample:prjeb31613:cgg_1_018540,,,,not_reported,PRJEB31613,10.1016/j.cell.2019.03.049,,31750-35870 BP,false
animal-atlas-feature:equus-caballus-locality-prjeb31613-kokorevo-russia,animal-atlas-row:equus-caballus-prjeb31613-equus-caballus-locality-prjeb31613-kokorevo-russia,equus_caballus:locality:prjeb31613:kokorevo:russia,Equus caballus,horse,wild_or_progenitor_context,accepted,Kokorevo,Russia,53.933,90.933,supplementary_table_coordinates,exact,1,equus_caballus:sample:prjeb31613:cgg_1_019154,,,,not_reported,PRJEB31613,10.1016/j.cell.2019.03.049,,14450 BP,false
animal-atlas-feature:equus-caballus-locality-prjeb31613-merzlyyar-russia,animal-atlas-row:equus-caballus-prjeb31613-equus-caballus-locality-prjeb31613-merzlyyar-russia,equus_caballus:locality:prjeb31613:merzlyyar:russia,Equus caballus,horse,wild_or_progenitor_context,accepted,Merzly Yar,Russia,53.36333333,95.36277778,supplementary_table_coordinates,exact,1,equus_caballus:sample:prjeb31613:cgg_1_019192,,,,not_reported,PRJEB31613,10.1016/j.cell.2019.03.049,,23789 BP,false
animal-atlas-feature:equus-caballus-locality-prjeb31613-taymyr-russia,animal-atlas-row:equus-caballus-prjeb31613-equus-caballus-locality-prjeb31613-taymyr-russia,equus_caballus:locality:prjeb31613:taymyr:russia,Equus caballus,horse,wild_or_progenitor_context,accepted,Taymyr,Russia,73.046,109.708,supplementary_table_coordinates,exact,2,equus_caballus:sample:prjeb31613:cgg_1_010022;equus_caballus:sample:prjeb31613:cgg_1_010023,,,,not_reported,PRJEB31613,10.1016/j.cell.2019.03.049,,16056-42758 BP,false
animal-atlas-feature:equus-caballus-locality-prjeb44430-acemhoyuk-turkey,animal-atlas-row:equus-caballus-prjeb44430-equus-caballus-locality-prjeb44430-acemhoyuk-turkey,equus_caballus:locality:prjeb44430:acemhoyuk:turkey,Equus caballus,horse,domesticated_core,accepted,Acemhoyuk,Turkey,38.411227,33.835694,supplementary_table_coordinates,exact,3,equus_caballus:sample:prjeb44430:samea9533172;equus_caballus:sample:prjeb44430:samea9533173;equus_caballus:sample:prjeb44430:samea9533174,,,,not_reported,PRJEB44430,10.1038/s41586-021-04018-9,,2240-4075 BP,false
animal-atlas-feature:equus-caballus-locality-prjeb44430-althiburos-tunisia,animal-atlas-row:equus-caballus-prjeb44430-equus-caballus-locality-prjeb44430-althiburos-tunisia,equus_caballus:locality:prjeb44430:althiburos:tunisia,Equus caballus,horse,domesticated_core,accepted,Althiburos,Tunisia,35.873429,8.78621,supplementary_table_coordinates,exact,3,equus_caballus:sample:prjeb44430:samea9533398;equus_caballus:sample:prjeb44430:samea9533399;equus_caballus:sample:prjeb44430:samea9533400,,,,not_reported,PRJEB44430,10.1038/s41586-021-04018-9,,2531-2610 BP,false
animal-atlas-feature:equus-caballus-locality-prjeb44430-arzhani-russia,animal-atlas-row:equus-caballus-prjeb44430-equus-caballus-locality-prjeb44430-arzhani-russia,equus_caballus:locality:prjeb44430:arzhani:russia,Equus caballus,horse,domesticated_core,accepted,Arzhan-I,Russia,52.066389,93.5225,supplementary_table_coordinates,exact,3,equus_caballus:sample:prjeb44430:samea9533176;equus_caballus:sample:prjeb44430:samea9533177;equus_caballus:sample:prjeb44430:samea9533178,,,,not_reported,PRJEB44430,10.1038/s41586-021-04018-9,,2531-2804 BP,false
animal-atlas-feature:equus-caballus-locality-prjeb44430-arzhanii-russia,animal-atlas-row:equus-caballus-prjeb44430-equus-caballus-locality-prjeb44430-arzhanii-russia,equus_caballus:locality:prjeb44430:arzhanii:russia,Equus caballus,horse,domesticated_core,accepted,Arzhan-II,Russia,52.066389,93.5225,supplementary_table_coordinates,exact,1,equus_caballus:sample:prjeb44430:samea9533175,,,,not_reported,PRJEB44430,10.1038/s41586-021-04018-9,,2600 BP,false
animal-atlas-feature:equus-caballus-locality-prjeb44430-ashchisu-kazakhstan,animal-atlas-row:equus-caballus-prjeb44430-equus-caballus-locality-prjeb44430-ashchisu-kazakhstan,equus_caballus:locality:prjeb44430:ashchisu:kazakhstan,Equus caballus,horse,domesticated_core,accepted,Ashchisu,Kazakhstan,49.916667,74.216667,supplementary_table_coordinates,exact,1,equus_caballus:sample:prjeb44430:samea9533339,,,,not_reported,PRJEB44430,10.1038/s41586-021-04018-9,,3704 BP,false
animal-atlas-feature:equus-caballus-locality-prjeb44430-asva-estonia,animal-atlas-row:equus-caballus-prjeb44430-equus-caballus-locality-prjeb44430-asva-estonia,equus_caballus:locality:prjeb44430:asva:estonia,Equus caballus,horse,domesticated_core,accepted,Asva,Estonia,58.410926,23.016137,supplementary_table_coordinates,exact,2,equus_caballus:sample:prjeb44430:samea9533227;equus_caballus:sample:prjeb44430:samea9533228,,,,not_reported,PRJEB44430,10.1038/s41586-021-04018-9,,2609-2611 BP,false
animal-atlas-feature:equus-caballus-locality-prjeb44430-badpirawarth-austria,animal-atlas-row:equus-caballus-prjeb44430-equus-caballus-locality-prjeb44430-badpirawarth-austria,equus_caballus:locality:prjeb44430:badpirawarth:austria,Equus caballus,horse,domesticated_core,accepted,Bad Pirawarth,Austria,48.451361,16.599992,supplementary_table_coordinates,exact,1,equus_caballus:sample:prjeb44430:samea9533397,,,,not_reported,PRJEB44430,10.1038/s41586-021-04018-9,,2535 BP,false
animal-atlas-feature:equus-caballus-locality-prjeb44430-bezno-czechrepublic,animal-atlas-row:equus-caballus-prjeb44430-equus-caballus-locality-prjeb44430-bezno-czechrepublic,equus_caballus:locality:prjeb44430:bezno:czechrepublic,Equus caballus,horse,domesticated_core,accepted,Březno,Czech Republic,50.35784,13.74354,supplementary_table_coordinates,exact,1,equus_caballus:sample:prjeb44430:samea9533352,,,,not_reported,PRJEB44430,10.1038/s41586-021-04018-9,,3191 BP,false
animal-atlas-feature:equus-caballus-locality-prjeb44430-bijkev-russia,animal-atlas-row:equus-caballus-prjeb44430-equus-caballus-locality-prjeb44430-bijkev-russia,equus_caballus:locality:prjeb44430:bijkev:russia,Equus caballus,horse,domesticated_core,accepted,Bijke-V,Russia,51.164483,86.139367,supplementary_table_coordinates,exact,1,equus_caballus:sample:prjeb44430:samea9533182,,,,not_reported,PRJEB44430,10.1038/s41586-021-04018-9,,2575 BP,false
animal-atlas-feature:equus-caballus-locality-prjeb44430-bolshekaraganskii-russia,animal-atlas-row:equus-caballus-prjeb44430-equus-caballus-locality-prjeb44430-bolshekaraganskii-russia,equus_caballus:locality:prjeb44430:bolshekaraganskii:russia,Equus caballus,horse,domesticated_core,accepted,Bol'shekaraganskii,Russia,52.65,59.566667,supplementary_table_coordinates,exact,4,equus_caballus:sample:prjeb44430:samea9533411;equus_caballus:sample:prjeb44430:samea9533423;equus_caballus:sample:prjeb44430:samea9533427;equus_caballus:sample:prjeb44430:samea9533428,,,,not_reported,PRJEB44430,10.1038/s41586-021-04018-9,,3765-3901 BP,false
animal-atlas-feature:equus-caballus-locality-prjeb44430-borshoroonii-mongolia,animal-atlas-row:equus-caballus-prjeb44430-equus-caballus-locality-prjeb44430-borshoroonii-mongolia,equus_caballus:locality:prjeb44430:borshoroonii:mongolia,Equus caballus,horse,domesticated_core,accepted,Bor Shoroonii,Mongolia,46.4,100.68,supplementary_table_coordinates,exact,1,equus_caballus:sample:prjeb44430:samea9533306,,,,not_reported,PRJEB44430,10.1038/s41586-021-04018-9,,2608 BP,false
animal-atlas-feature:equus-caballus-locality-prjeb44430-burgast-mongolia,animal-atlas-row:equus-caballus-prjeb44430-equus-caballus-locality-prjeb44430-burgast-mongolia,equus_caballus:locality:prjeb44430:burgast:mongolia,Equus caballus,horse,domesticated_core,accepted,Burgast,Mongolia,49.830833,89.99,supplementary_table_coordinates,exact,1,equus_caballus:sample:prjeb44430:samea9533255,,,,not_reported,PRJEB44430,10.1038/s41586-021-04018-9,,3018 BP,false
animal-atlas-feature:equus-caballus-locality-prjeb44430-burialmoundatberezovayamountain-russia,animal-atlas-row:equus-caballus-prjeb44430-equus-caballus-locality-prjeb44430-burialmoundatberezovayamountain-russia,equus_caballus:locality:prjeb44430:burialmoundatberezovayamountain:russia,Equus caballus,horse,domesticated_core,accepted,Burial mound at Berezovaya mountain,Russia,52.429072,55.227878,supplementary_table_coordinates,exact,1,equus_caballus:sample:prjeb44430:samea9533304,,,,not_reported,PRJEB44430,10.1038/s41586-021-04018-9,,3799 BP,false
animal-atlas-feature:equus-caballus-locality-prjeb44430-chalkhill-unitedkingdom,animal-atlas-row:equus-caballus-prjeb44430-equus-caballus-locality-prjeb44430-chalkhill-unitedkingdom,equus_caballus:locality:prjeb44430:chalkhill:unitedkingdom,Equus caballus,horse,domesticated_core,accepted,Chalk Hill,United Kingdom,51.330592,1.389657,supplementary_table_coordinates,exact,2,equus_caballus:sample:prjeb44430:samea9533217;equus_caballus:sample:prjeb44430:samea9533218,,,,not_reported,PRJEB44430,10.1038/s41586-021-04018-9,,2424-2815 BP,false
animal-atlas-feature:equus-caballus-locality-prjeb44430-chingeteyi-russia,animal-atlas-row:equus-caballus-prjeb44430-equus-caballus-locality-prjeb44430-chingeteyi-russia,equus_caballus:locality:prjeb44430:chingeteyi:russia,Equus caballus,horse,domesticated_core,accepted,Chinge-Tey-I,Russia,52.067083,93.464806,supplementary_table_coordinates,exact,1,equus_caballus:sample:prjeb44430:samea9533219,,,,not_reported,PRJEB44430,10.1038/s41586-021-04018-9,,2760 BP,false
animal-atlas-feature:equus-caballus-locality-prjeb44430-choburaki-russia,animal-atlas-row:equus-caballus-prjeb44430-equus-caballus-locality-prjeb44430-choburaki-russia,equus_caballus:locality:prjeb44430:choburaki:russia,Equus caballus,horse,domesticated_core,accepted,Choburak-I,Russia,51.173733,86.113083,supplementary_table_coordinates,exact,1,equus_caballus:sample:prjeb44430:samea9533220,,,,not_reported,PRJEB44430,10.1038/s41586-021-04018-9,,2575 BP,false
animal-atlas-feature:equus-caballus-locality-prjeb44430-elsvilars-spain,animal-atlas-row:equus-caballus-prjeb44430-equus-caballus-locality-prjeb44430-elsvilars-spain,equus_caballus:locality:prjeb44430:elsvilars:spain,Equus caballus,horse,domesticated_core,accepted,Els Vilars,Spain,41.57,0.95,supplementary_table_coordinates,exact,3,equus_caballus:sample:prjeb44430:samea9533235;equus_caballus:sample:prjeb44430:samea9533405;equus_caballus:sample:prjeb44430:samea9533406,,,,not_reported,PRJEB44430,10.1038/s41586-021-04018-9,,2425-2688 BP,false
animal-atlas-feature:equus-caballus-locality-prjeb44430-elturuuelo-spain,animal-atlas-row:equus-caballus-prjeb44430-equus-caballus-locality-prjeb44430-elturuuelo-spain,equus_caballus:locality:prjeb44430:elturuuelo:spain,Equus caballus,horse,domesticated_core,accepted,El Turuñuelo,Spain,38.949334,6.064916,supplementary_table_coordinates,exact,1,equus_caballus:sample:prjeb44430:samea9533171,,,,not_reported,PRJEB44430,10.1038/s41586-021-04018-9,,2538 BP,false
animal-atlas-feature:equus-caballus-locality-prjeb44430-ernvl-czechrepublic,animal-atlas-row:equus-caballus-prjeb44430-equus-caballus-locality-prjeb44430-ernvl-czechrepublic,equus_caballus:locality:prjeb44430:ernvl:czechrepublic,Equus caballus,horse,domesticated_core,accepted,Černý Vůl,Czech Republic,50.14943,14.33203,supplementary_table_coordinates,exact,1,equus_caballus:sample:prjeb44430:samea9533353,,,,not_reported,PRJEB44430,10.1038/s41586-021-04018-9,,2737 BP,false
animal-atlas-feature:equus-caballus-locality-prjeb44430-gangatsagaanereg-mongolia,animal-atlas-row:equus-caballus-prjeb44430-equus-caballus-locality-prjeb44430-gangatsagaanereg-mongolia,equus_caballus:locality:prjeb44430:gangatsagaanereg:mongolia,Equus caballus,horse,domesticated_core,accepted,Ganga-Tsagaan Ereg,Mongolia,49.572897,103.251933,supplementary_table_coordinates,exact,2,equus_caballus:sample:prjeb44430:samea9533236;equus_caballus:sample:prjeb44430:samea9533237,,,,not_reported,PRJEB44430,10.1038/s41586-021-04018-9,,2725 BP,false
animal-atlas-feature:equus-caballus-locality-prjeb44430-gordinestiii-moldova,animal-atlas-row:equus-caballus-prjeb44430-equus-caballus-locality-prjeb44430-gordinestiii-moldova,equus_caballus:locality:prjeb44430:gordinestiii:moldova,Equus caballus,horse,domesticated_core,accepted,Gordinesti II,Moldova,48.159923,27.169232,supplementary_table_coordinates,exact,1,equus_caballus:sample:prjeb44430:samea9533318,,,,not_reported,PRJEB44430,10.1038/s41586-021-04018-9,,4013 BP,false
animal-atlas-feature:equus-caballus-locality-prjeb44430-halvai-kazakhstan,animal-atlas-row:equus-caballus-prjeb44430-equus-caballus-locality-prjeb44430-halvai-kazakhstan,equus_caballus:locality:prjeb44430:halvai:kazakhstan,Equus caballus,horse,domesticated_core,accepted,Halvai,Kazakhstan,52.843,62.9029,supplementary_table_coordinates,exact,2,equus_caballus:sample:prjeb44430:samea9533256;equus_caballus:sample:prjeb44430:samea9533257,,,,not_reported,PRJEB44430,10.1038/s41586-021-04018-9,,3806 BP,false
animal-atlas-feature:equus-caballus-locality-prjeb44430-holubice-czechrepublic,animal-atlas-row:equus-caballus-prjeb44430-equus-caballus-locality-prjeb44430-holubice-czechrepublic,equus_caballus:locality:prjeb44430:holubice:czechrepublic,Equus caballus,horse,domesticated_core,accepted,Holubice,Czech Republic,50.20132,14.29183,supplementary_table_coordinates,exact,1,equus_caballus:sample:prjeb44430:samea9533354,,,,not_reported,PRJEB44430,10.1038/s41586-021-04018-9,,3987 BP,false
animal-atlas-feature:equus-caballus-locality-prjeb44430-iguedugral-france,animal-atlas-row:equus-caballus-prjeb44430-equus-caballus-locality-prjeb44430-iguedugral-france,equus_caballus:locality:prjeb44430:iguedugral:france,Equus caballus,horse,wild_or_progenitor_context,accepted,Igue du Gral,France,44.499039,1.692232,supplementary_table_coordinates,exact,12,equus_caballus:sample:prjeb44430:samea9533239;equus_caballus:sample:prjeb44430:samea9533240;equus_caballus:sample:prjeb44430:samea9533241;equus_caballus:sample:prjeb44430:samea9533242;equus_caballus:sample:prjeb44430:samea9533243;equus_caballus:sample:prjeb44430:samea9533244;equus_caballus:sample:prjeb44430:samea9533245;equus_caballus:sample:prjeb44430:samea9533246;equus_caballus:sample:prjeb44430:samea9533247;equus_caballus:sample:prjeb44430:samea9533248;equus_caballus:sample:prjeb44430:samea9533249;equus_caballus:sample:prjeb44430:samea9533250,,,,not_reported,PRJEB44430,10.1038/s41586-021-04018-9,,18051-23605 BP,false
animal-atlas-feature:equus-caballus-locality-prjeb44430-kamennyiambar5-russia,animal-atlas-row:equus-caballus-prjeb44430-equus-caballus-locality-prjeb44430-kamennyiambar5-russia,equus_caballus:locality:prjeb44430:kamennyiambar5:russia,Equus caballus,horse,domesticated_core,accepted,Kamennyi Ambar 5,Russia,52.833333,60.366667,supplementary_table_coordinates,exact,9,equus_caballus:sample:prjeb44430:samea9533417;equus_caballus:sample:prjeb44430:samea9533418;equus_caballus:sample:prjeb44430:samea9533419;equus_caballus:sample:prjeb44430:samea9533420;equus_caballus:sample:prjeb44430:samea9533421;equus_caballus:sample:prjeb44430:samea9533422;equus_caballus:sample:prjeb44430:samea9533424;equus_caballus:sample:prjeb44430:samea9533425;equus_caballus:sample:prjeb44430:samea9533426,,,,not_reported,PRJEB44430,10.1038/s41586-021-04018-9,,3795-3904 BP,false
animal-atlas-feature:equus-caballus-locality-prjeb44430-kazimierzawielka6-poland,animal-atlas-row:equus-caballus-prjeb44430-equus-caballus-locality-prjeb44430-kazimierzawielka6-poland,equus_caballus:locality:prjeb44430:kazimierzawielka6:poland,Equus caballus,horse,domesticated_core,accepted,Kazimierza Wielka 6,Poland,50.2741,20.4654,supplementary_table_coordinates,exact,6,equus_caballus:sample:prjeb44430:samea9533340;equus_caballus:sample:prjeb44430:samea9533341;equus_caballus:sample:prjeb44430:samea9533342;equus_caballus:sample:prjeb44430:samea9533343;equus_caballus:sample:prjeb44430:samea9533344;equus_caballus:sample:prjeb44430:samea9533345,,,,not_reported,PRJEB44430,10.1038/s41586-021-04018-9,,3430-3500 BP,false
animal-atlas-feature:equus-caballus-locality-prjeb44430-kent-kazakhstan,animal-atlas-row:equus-caballus-prjeb44430-equus-caballus-locality-prjeb44430-kent-kazakhstan,equus_caballus:locality:prjeb44430:kent:kazakhstan,Equus caballus,horse,domesticated_core,accepted,Kent,Kazakhstan,49.202561,75.940728,supplementary_table_coordinates,exact,5,equus_caballus:sample:prjeb44430:samea9533279;equus_caballus:sample:prjeb44430:samea9533280;equus_caballus:sample:prjeb44430:samea9533281;equus_caballus:sample:prjeb44430:samea9533282;equus_caballus:sample:prjeb44430:samea9533283,,,,not_reported,PRJEB44430,10.1038/s41586-021-04018-9,,3413-3444 BP,false
animal-atlas-feature:equus-caballus-locality-prjeb44430-kentscavern-unitedkingdom,animal-atlas-row:equus-caballus-prjeb44430-equus-caballus-locality-prjeb44430-kentscavern-unitedkingdom,equus_caballus:locality:prjeb44430:kentscavern:unitedkingdom,Equus caballus,horse,wild_or_progenitor_context,accepted,Kents cavern,United Kingdom,50.467709,3.502667,supplementary_table_coordinates,exact,1,equus_caballus:sample:prjeb44430:samea9533335,,,,not_reported,PRJEB44430,10.1038/s41586-021-04018-9,,14616 BP,false
animal-atlas-feature:equus-caballus-locality-prjeb44430-khantaintov-mongolia,animal-atlas-row:equus-caballus-prjeb44430-equus-caballus-locality-prjeb44430-khantaintov-mongolia,equus_caballus:locality:prjeb44430:khantaintov:mongolia,Equus caballus,horse,domesticated_core,accepted,Khantain-tov,Mongolia,49.56105,103.2428,supplementary_table_coordinates,exact,1,equus_caballus:sample:prjeb44430:samea9533258,,,,not_reported,PRJEB44430,10.1038/s41586-021-04018-9,,2725 BP,false
animal-atlas-feature:equus-caballus-locality-prjeb44430-kostenki-russia,animal-atlas-row:equus-caballus-prjeb44430-equus-caballus-locality-prjeb44430-kostenki-russia,equus_caballus:locality:prjeb44430:kostenki:russia,Equus caballus,horse,wild_or_progenitor_context,accepted,Kostenki,Russia,51.376,39.071,supplementary_table_coordinates,exact,1,equus_caballus:sample:prjeb44430:samea9533274,,,,not_reported,PRJEB44430,10.1038/s41586-021-04018-9,,31606 BP,false
animal-atlas-feature:equus-caballus-locality-prjeb44430-krasnosamarskoye-russia,animal-atlas-row:equus-caballus-prjeb44430-equus-caballus-locality-prjeb44430-krasnosamarskoye-russia,equus_caballus:locality:prjeb44430:krasnosamarskoye:russia,Equus caballus,horse,domesticated_core,accepted,Krasnosamarskoye,Russia,51.497056,85.9745,supplementary_table_coordinates,exact,2,equus_caballus:sample:prjeb44430:samea9533301;equus_caballus:sample:prjeb44430:samea9533302,,,,not_reported,PRJEB44430,10.1038/s41586-021-04018-9,,3059-3748 BP,false
animal-atlas-feature:equus-caballus-locality-prjeb44430-kuyum-russia,animal-atlas-row:equus-caballus-prjeb44430-equus-caballus-locality-prjeb44430-kuyum-russia,equus_caballus:locality:prjeb44430:kuyum:russia,Equus caballus,horse,domesticated_core,accepted,Kuyum,Russia,51.497292,85.971322,supplementary_table_coordinates,exact,1,equus_caballus:sample:prjeb44430:samea9533288,,,,not_reported,PRJEB44430,10.1038/s41586-021-04018-9,,2530 BP,false
animal-atlas-feature:equus-caballus-locality-prjeb44430-lamondire-france,animal-atlas-row:equus-caballus-prjeb44430-equus-caballus-locality-prjeb44430-lamondire-france,equus_caballus:locality:prjeb44430:lamondire:france,Equus caballus,horse,domesticated_core,accepted,La Monédière,France,43.3667,3.4167,supplementary_table_coordinates,exact,1,equus_caballus:sample:prjeb44430:samea9533404,,,,not_reported,PRJEB44430,10.1038/s41586-021-04018-9,,2567 BP,false
animal-atlas-feature:equus-caballus-locality-prjeb44430-lecloseau-france,animal-atlas-row:equus-caballus-prjeb44430-equus-caballus-locality-prjeb44430-lecloseau-france,equus_caballus:locality:prjeb44430:lecloseau:france,Equus caballus,horse,wild_or_progenitor_context,accepted,Le Closeau,France,48.871883,2.157139,supplementary_table_coordinates,exact,1,equus_caballus:sample:prjeb44430:samea9533221,,,,not_reported,PRJEB44430,10.1038/s41586-021-04018-9,,12350 BP,false
animal-atlas-feature:equus-caballus-locality-prjeb44430-magor-unitedkingdom,animal-atlas-row:equus-caballus-prjeb44430-equus-caballus-locality-prjeb44430-magor-unitedkingdom,equus_caballus:locality:prjeb44430:magor:unitedkingdom,Equus caballus,horse,domesticated_core,accepted,Magor,United Kingdom,51.578275,2.829228,supplementary_table_coordinates,exact,1,equus_caballus:sample:prjeb44430:samea9533314,,,,not_reported,PRJEB44430,10.1038/s41586-021-04018-9,,2959 BP,false
animal-atlas-feature:equus-caballus-locality-prjeb44430-medvezhiyacave-russia,animal-atlas-row:equus-caballus-prjeb44430-equus-caballus-locality-prjeb44430-medvezhiyacave-russia,equus_caballus:locality:prjeb44430:medvezhiyacave:russia,Equus caballus,horse,wild_or_progenitor_context,accepted,Medvezhiya cave,Russia,62.083,58.083,supplementary_table_coordinates,exact,4,equus_caballus:sample:prjeb44430:samea9533275;equus_caballus:sample:prjeb44430:samea9533276;equus_caballus:sample:prjeb44430:samea9533277;equus_caballus:sample:prjeb44430:samea9533278,,,,not_reported,PRJEB44430,10.1038/s41586-021-04018-9,,26159-44425 BP,false
animal-atlas-feature:equus-caballus-locality-prjeb44430-miciurin-moldova,animal-atlas-row:equus-caballus-prjeb44430-equus-caballus-locality-prjeb44430-miciurin-moldova,equus_caballus:locality:prjeb44430:miciurin:moldova,Equus caballus,horse,domesticated_core,accepted,Miciurin,Moldova,47.987105,27.788329,supplementary_table_coordinates,exact,2,equus_caballus:sample:prjeb44430:samea9533315;equus_caballus:sample:prjeb44430:samea9533317,,,,not_reported,PRJEB44430,10.1038/s41586-021-04018-9,,3200-3323 BP,false
animal-atlas-feature:equus-caballus-locality-prjeb44430-miechw3-poland,animal-atlas-row:equus-caballus-prjeb44430-equus-caballus-locality-prjeb44430-miechw3-poland,equus_caballus:locality:prjeb44430:miechw3:poland,Equus caballus,horse,domesticated_core,accepted,Miechów 3,Poland,50.35749,20.04609,supplementary_table_coordinates,exact,2,equus_caballus:sample:prjeb44430:samea9533346;equus_caballus:sample:prjeb44430:samea9533347,,,,not_reported,PRJEB44430,10.1038/s41586-021-04018-9,,2599-3433 BP,false
animal-atlas-feature:equus-caballus-locality-prjeb44430-monostoynuga-mongolia,animal-atlas-row:equus-caballus-prjeb44430-equus-caballus-locality-prjeb44430-monostoynuga-mongolia,equus_caballus:locality:prjeb44430:monostoynuga:mongolia,Equus caballus,horse,domesticated_core,accepted,Monostoy-Nuga,Mongolia,49.553253,103.277861,supplementary_table_coordinates,exact,4,equus_caballus:sample:prjeb44430:samea9533319;equus_caballus:sample:prjeb44430:samea9533320;equus_caballus:sample:prjeb44430:samea9533321;equus_caballus:sample:prjeb44430:samea9533322,,,,not_reported,PRJEB44430,10.1038/s41586-021-04018-9,,2725-3050 BP,false
animal-atlas-feature:equus-caballus-locality-prjeb44430-morinmort-mongolia,animal-atlas-row:equus-caballus-prjeb44430-equus-caballus-locality-prjeb44430-morinmort-mongolia,equus_caballus:locality:prjeb44430:morinmort:mongolia,Equus caballus,horse,domesticated_core,accepted,Morin Mort,Mongolia,46.94125,98.595817,supplementary_table_coordinates,exact,1,equus_caballus:sample:prjeb44430:samea9533313,,,,not_reported,PRJEB44430,10.1038/s41586-021-04018-9,,2815 BP,false
animal-atlas-feature:equus-caballus-locality-prjeb44430-nandrupeteracurat-romania,animal-atlas-row:equus-caballus-prjeb44430-equus-caballus-locality-prjeb44430-nandrupeteracurat-romania,equus_caballus:locality:prjeb44430:nandrupeteracurat:romania,Equus caballus,horse,wild_or_progenitor_context,accepted,Nandru Peștera Curată,Romania,45.807945,22.812173,supplementary_table_coordinates,exact,1,equus_caballus:sample:prjeb44430:samea9533390,,,,not_reported,PRJEB44430,10.1038/s41586-021-04018-9,,36751 BP,false
animal-atlas-feature:equus-caballus-locality-prjeb44430-nikolskaya-russia,animal-atlas-row:equus-caballus-prjeb44430-equus-caballus-locality-prjeb44430-nikolskaya-russia,equus_caballus:locality:prjeb44430:nikolskaya:russia,Equus caballus,horse,wild_or_progenitor_context,accepted,Nikolskaya,Russia,55.466667,59.45,supplementary_table_coordinates,exact,3,equus_caballus:sample:prjeb44430:samea9533380;equus_caballus:sample:prjeb44430:samea9533381;equus_caballus:sample:prjeb44430:samea9533382,,,,not_reported,PRJEB44430,10.1038/s41586-021-04018-9,,23095-44950 BP,false
animal-atlas-feature:equus-caballus-locality-prjeb44430-nitrianskyhrdok-slovakia,animal-atlas-row:equus-caballus-prjeb44430-equus-caballus-locality-prjeb44430-nitrianskyhrdok-slovakia,equus_caballus:locality:prjeb44430:nitrianskyhrdok:slovakia,Equus caballus,horse,domesticated_core,accepted,Nitriansky Hrádok,Slovakia,48.069502,18.200384,supplementary_table_coordinates,exact,1,equus_caballus:sample:prjeb44430:samea9533327,,,,not_reported,PRJEB44430,10.1038/s41586-021-04018-9,,3633 BP,false
animal-atlas-feature:equus-caballus-locality-prjeb44430-noviyekluchiiii-russia,animal-atlas-row:equus-caballus-prjeb44430-equus-caballus-locality-prjeb44430-noviyekluchiiii-russia,equus_caballus:locality:prjeb44430:noviyekluchiiii:russia,Equus caballus,horse,domesticated_core,accepted,Noviye Kluchi III,Russia,53.338939,51.870031,supplementary_table_coordinates,exact,1,equus_caballus:sample:prjeb44430:samea9533303,,,,not_reported,PRJEB44430,10.1038/s41586-021-04018-9,,3794 BP,false
animal-atlas-feature:equus-caballus-locality-prjeb44430-novoilinovskiy2-kazakhstan,animal-atlas-row:equus-caballus-prjeb44430-equus-caballus-locality-prjeb44430-novoilinovskiy2-kazakhstan,equus_caballus:locality:prjeb44430:novoilinovskiy2:kazakhstan,Equus caballus,horse,domesticated_core,accepted,Novoil’inovskiy 2,Kazakhstan,52.6401793,62.7610338,supplementary_table_coordinates,exact,2,equus_caballus:sample:prjeb44430:samea9533333;equus_caballus:sample:prjeb44430:samea9533334,,,,not_reported,PRJEB44430,10.1038/s41586-021-04018-9,,3782 BP,false
animal-atlas-feature:equus-caballus-locality-prjeb44430-ouren-russia,animal-atlas-row:equus-caballus-prjeb44430-equus-caballus-locality-prjeb44430-ouren-russia,equus_caballus:locality:prjeb44430:ouren:russia,Equus caballus,horse,domesticated_core,accepted,Ouren,Russia,53.44725,48.942667,supplementary_table_coordinates,exact,2,equus_caballus:sample:prjeb44430:samea9533298;equus_caballus:sample:prjeb44430:samea9533299,,,,not_reported,PRJEB44430,10.1038/s41586-021-04018-9,,3735-3746 BP,false
animal-atlas-feature:equus-caballus-locality-prjeb44430-pershinskaya-russia,animal-atlas-row:equus-caballus-prjeb44430-equus-caballus-locality-prjeb44430-pershinskaya-russia,equus_caballus:locality:prjeb44430:pershinskaya:russia,Equus caballus,horse,wild_or_progenitor_context,accepted,Pershinskaya,Russia,57.45,61.45,supplementary_table_coordinates,exact,6,equus_caballus:sample:prjeb44430:samea9533372;equus_caballus:sample:prjeb44430:samea9533373;equus_caballus:sample:prjeb44430:samea9533374;equus_caballus:sample:prjeb44430:samea9533375;equus_caballus:sample:prjeb44430:samea9533376;equus_caballus:sample:prjeb44430:samea9533377,,,,not_reported,PRJEB44430,10.1038/s41586-021-04018-9,,15427-23963 BP,false
animal-atlas-feature:equus-caballus-locality-prjeb44430-pielgrzymowice6-poland,animal-atlas-row:equus-caballus-prjeb44430-equus-caballus-locality-prjeb44430-pielgrzymowice6-poland,equus_caballus:locality:prjeb44430:pielgrzymowice6:poland,Equus caballus,horse,domesticated_core,accepted,Pielgrzymowice 6,Poland,50.143,20.04672,supplementary_table_coordinates,exact,1,equus_caballus:sample:prjeb44430:samea9533350,,,,not_reported,PRJEB44430,10.1038/s41586-021-04018-9,,3482 BP,false
animal-atlas-feature:equus-caballus-locality-prjeb44430-potapovka-russia,animal-atlas-row:equus-caballus-prjeb44430-equus-caballus-locality-prjeb44430-potapovka-russia,equus_caballus:locality:prjeb44430:potapovka:russia,Equus caballus,horse,domesticated_core,accepted,Potapovka,Russia,53.658,50.668444,supplementary_table_coordinates,exact,2,equus_caballus:sample:prjeb44430:samea9533222;equus_caballus:sample:prjeb44430:samea9533367,,,,not_reported,PRJEB44430,10.1038/s41586-021-04018-9,,3812-3833 BP,false
animal-atlas-feature:equus-caballus-locality-prjeb44430-ridala-estonia,animal-atlas-row:equus-caballus-prjeb44430-equus-caballus-locality-prjeb44430-ridala-estonia,equus_caballus:locality:prjeb44430:ridala:estonia,Equus caballus,horse,domesticated_core,accepted,Ridala,Estonia,58.4552,23.0326,supplementary_table_coordinates,exact,3,equus_caballus:sample:prjeb44430:samea9533229;equus_caballus:sample:prjeb44430:samea9533365;equus_caballus:sample:prjeb44430:samea9533366,,,,not_reported,PRJEB44430,10.1038/s41586-021-04018-9,,2604-2650 BP,false
animal-atlas-feature:equus-caballus-locality-prjeb44430-sagzabad-iran,animal-atlas-row:equus-caballus-prjeb44430-equus-caballus-locality-prjeb44430-sagzabad-iran,equus_caballus:locality:prjeb44430:sagzabad:iran,Equus caballus,horse,domesticated_core,accepted,Sagzabad,Iran,35.773,49.938,supplementary_table_coordinates,exact,1,equus_caballus:sample:prjeb44430:samea9533392,,,,not_reported,PRJEB44430,10.1038/s41586-021-04018-9,,3052 BP,false
animal-atlas-feature:equus-caballus-locality-prjeb44430-serpievskaya-russia,animal-atlas-row:equus-caballus-prjeb44430-equus-caballus-locality-prjeb44430-serpievskaya-russia,equus_caballus:locality:prjeb44430:serpievskaya:russia,Equus caballus,horse,wild_or_progenitor_context,accepted,Serpievskaya,Russia,54.833333,57.883333,supplementary_table_coordinates,exact,1,equus_caballus:sample:prjeb44430:samea9533383,,,,not_reported,PRJEB44430,10.1038/s41586-021-04018-9,,19719 BP,false
animal-atlas-feature:equus-caballus-locality-prjeb44430-shilikty5-kazakhstan,animal-atlas-row:equus-caballus-prjeb44430-equus-caballus-locality-prjeb44430-shilikty5-kazakhstan,equus_caballus:locality:prjeb44430:shilikty5:kazakhstan,Equus caballus,horse,domesticated_core,accepted,Shilikty 5,Kazakhstan,47.237169,84.542033,supplementary_table_coordinates,exact,1,equus_caballus:sample:prjeb44430:samea9533290,,,,not_reported,PRJEB44430,10.1038/s41586-021-04018-9,,2243 BP,false
animal-atlas-feature:equus-caballus-locality-prjeb44430-sigarra-spain,animal-atlas-row:equus-caballus-prjeb44430-equus-caballus-locality-prjeb44430-sigarra-spain,equus_caballus:locality:prjeb44430:sigarra:spain,Equus caballus,horse,domesticated_core,accepted,Sigarra,Spain,41.7075,1.54222,supplementary_table_coordinates,exact,1,equus_caballus:sample:prjeb44430:samea9533407,,,,not_reported,PRJEB44430,10.1038/s41586-021-04018-9,,2267 BP,false
animal-atlas-feature:equus-caballus-locality-prjeb44430-sintashta-russia,animal-atlas-row:equus-caballus-prjeb44430-equus-caballus-locality-prjeb44430-sintashta-russia,equus_caballus:locality:prjeb44430:sintashta:russia,Equus caballus,horse,domesticated_core,accepted,Sintashta,Russia,52.486359,60.187925,supplementary_table_coordinates,exact,2,equus_caballus:sample:prjeb44430:samea9533325;equus_caballus:sample:prjeb44430:samea9533326,,,,not_reported,PRJEB44430,10.1038/s41586-021-04018-9,,3806-3815 BP,false
animal-atlas-feature:equus-caballus-locality-prjeb44430-tarquinia-italy,animal-atlas-row:equus-caballus-prjeb44430-equus-caballus-locality-prjeb44430-tarquinia-italy,equus_caballus:locality:prjeb44430:tarquinia:italy,Equus caballus,horse,domesticated_core,accepted,Tarquinia,Italy,42.249167,11.756111,supplementary_table_coordinates,exact,1,equus_caballus:sample:prjeb44430:samea9533402,,,,not_reported,PRJEB44430,10.1038/s41586-021-04018-9,,2607 BP,false
animal-atlas-feature:equus-caballus-locality-prjeb44430-tatsynereg-mongolia,animal-atlas-row:equus-caballus-prjeb44430-equus-caballus-locality-prjeb44430-tatsynereg-mongolia,equus_caballus:locality:prjeb44430:tatsynereg:mongolia,Equus caballus,horse,domesticated_core,accepted,Tatsyn Ereg,Mongolia,47.750843,101.369458,supplementary_table_coordinates,exact,4,equus_caballus:sample:prjeb44430:samea9533251;equus_caballus:sample:prjeb44430:samea9533252;equus_caballus:sample:prjeb44430:samea9533253;equus_caballus:sample:prjeb44430:samea9533254,,,,not_reported,PRJEB44430,10.1038/s41586-021-04018-9,,2963-3007 BP,false
animal-atlas-feature:equus-caballus-locality-prjeb44430-tepehasanlu-iran,animal-atlas-row:equus-caballus-prjeb44430-equus-caballus-locality-prjeb44430-tepehasanlu-iran,equus_caballus:locality:prjeb44430:tepehasanlu:iran,Equus caballus,horse,domesticated_core,accepted,Tepe Hasanlu,Iran,37.004486,45.458817,supplementary_table_coordinates,exact,3,equus_caballus:sample:prjeb44430:samea9533260;equus_caballus:sample:prjeb44430:samea9533263;equus_caballus:sample:prjeb44430:samea9533266,,,,not_reported,PRJEB44430,10.1038/s41586-021-04018-9,,2718 BP,false
animal-atlas-feature:equus-caballus-locality-prjeb44430-titn-czechrepublic,animal-atlas-row:equus-caballus-prjeb44430-equus-caballus-locality-prjeb44430-titn-czechrepublic,equus_caballus:locality:prjeb44430:titn:czechrepublic,Equus caballus,horse,domesticated_core,accepted,Tištín,Czech Republic,49.313,17.15314,supplementary_table_coordinates,exact,1,equus_caballus:sample:prjeb44430:samea9533355,,,,not_reported,PRJEB44430,10.1038/s41586-021-04018-9,,3199 BP,false
animal-atlas-feature:equus-caballus-locality-prjeb44430-touehradiko-czechrepublic,animal-atlas-row:equus-caballus-prjeb44430-equus-caballus-locality-prjeb44430-touehradiko-czechrepublic,equus_caballus:locality:prjeb44430:touehradiko:czechrepublic,Equus caballus,horse,domesticated_core,accepted,Toušeň – Hradišťko,Czech Republic,50.16813,14.72267,supplementary_table_coordinates,exact,1,equus_caballus:sample:prjeb44430:samea9533360,,,,not_reported,PRJEB44430,10.1038/s41586-021-04018-9,,3795 BP,false
animal-atlas-feature:equus-caballus-locality-prjeb44430-tuchomice-czechrepublic,animal-atlas-row:equus-caballus-prjeb44430-equus-caballus-locality-prjeb44430-tuchomice-czechrepublic,equus_caballus:locality:prjeb44430:tuchomice:czechrepublic,Equus caballus,horse,domesticated_core,accepted,Tuchoměřice,Czech Republic,50.13493,14.28531,supplementary_table_coordinates,exact,1,equus_caballus:sample:prjeb44430:samea9533356,,,,not_reported,PRJEB44430,10.1038/s41586-021-04018-9,,3060 BP,false
animal-atlas-feature:equus-caballus-locality-prjeb44430-tuchomiceknvka-czechrepublic,animal-atlas-row:equus-caballus-prjeb44430-equus-caballus-locality-prjeb44430-tuchomiceknvka-czechrepublic,equus_caballus:locality:prjeb44430:tuchomiceknvka:czechrepublic,Equus caballus,horse,domesticated_core,accepted,Tuchoměřice – Kněžívka,Czech Republic,50.12523,14.26973,supplementary_table_coordinates,exact,1,equus_caballus:sample:prjeb44430:samea9533357,,,,not_reported,PRJEB44430,10.1038/s41586-021-04018-9,,3260 BP,false
animal-atlas-feature:equus-caballus-locality-prjeb44430-ulaantolgoi-mongolia,animal-atlas-row:equus-caballus-prjeb44430-equus-caballus-locality-prjeb44430-ulaantolgoi-mongolia,equus_caballus:locality:prjeb44430:ulaantolgoi:mongolia,Equus caballus,horse,domesticated_core,accepted,Ulaan Tolgoi,Mongolia,49.931778,99.804167,supplementary_table_coordinates,exact,1,equus_caballus:sample:prjeb44430:samea9533305,,,,not_reported,PRJEB44430,10.1038/s41586-021-04018-9,,2892 BP,false
animal-atlas-feature:equus-caballus-locality-prjeb44430-ullu-russia,animal-atlas-row:equus-caballus-prjeb44430-equus-caballus-locality-prjeb44430-ullu-russia,equus_caballus:locality:prjeb44430:ullu:russia,Equus caballus,horse,domesticated_core,accepted,Ullu,Russia,43.79028,42.7278,supplementary_table_coordinates,exact,1,equus_caballus:sample:prjeb44430:samea9533211,,,,not_reported,PRJEB44430,10.1038/s41586-021-04018-9,,2821 BP,false
animal-atlas-feature:equus-caballus-locality-prjeb44430-ushgiinuvur-mongolia,animal-atlas-row:equus-caballus-prjeb44430-equus-caballus-locality-prjeb44430-ushgiinuvur-mongolia,equus_caballus:locality:prjeb44430:ushgiinuvur:mongolia,Equus caballus,horse,domesticated_core,accepted,Ushgiin Uvur,Mongolia,49.655567,99.9271,supplementary_table_coordinates,exact,1,equus_caballus:sample:prjeb44430:samea9533434,,,,not_reported,PRJEB44430,10.1038/s41586-021-04018-9,,2725 BP,false
animal-atlas-feature:equus-caballus-locality-prjeb44430-utevkavi-russia,animal-atlas-row:equus-caballus-prjeb44430-equus-caballus-locality-prjeb44430-utevkavi-russia,equus_caballus:locality:prjeb44430:utevkavi:russia,Equus caballus,horse,domesticated_core,accepted,Utevka VI,Russia,52.918694,50.962611,supplementary_table_coordinates,exact,3,equus_caballus:sample:prjeb44430:samea9533368;equus_caballus:sample:prjeb44430:samea9533369;equus_caballus:sample:prjeb44430:samea9533370,,,,not_reported,PRJEB44430,10.1038/s41586-021-04018-9,,3739-3801 BP,false
animal-atlas-feature:equus-caballus-locality-prjeb44430-uvarovkaii-russia,animal-atlas-row:equus-caballus-prjeb44430-equus-caballus-locality-prjeb44430-uvarovkaii-russia,equus_caballus:locality:prjeb44430:uvarovkaii:russia,Equus caballus,horse,domesticated_core,accepted,Uvarovka II,Russia,53.116583,48.351833,supplementary_table_coordinates,exact,1,equus_caballus:sample:prjeb44430:samea9533371,,,,not_reported,PRJEB44430,10.1038/s41586-021-04018-9,,3801 BP,false
animal-atlas-feature:equus-caballus-locality-prjeb44430-verkhnegubakhinskaya-russia,animal-atlas-row:equus-caballus-prjeb44430-equus-caballus-locality-prjeb44430-verkhnegubakhinskaya-russia,equus_caballus:locality:prjeb44430:verkhnegubakhinskaya:russia,Equus caballus,horse,wild_or_progenitor_context,accepted,Verkhnegubakhinskaya,Russia,58.883333,57.633333,supplementary_table_coordinates,exact,2,equus_caballus:sample:prjeb44430:samea9533378;equus_caballus:sample:prjeb44430:samea9533379,,,,not_reported,PRJEB44430,10.1038/s41586-021-04018-9,,23370-32142 BP,false
animal-atlas-feature:equus-caballus-locality-prjeb44430-vlinves-czechrepublic,animal-atlas-row:equus-caballus-prjeb44430-equus-caballus-locality-prjeb44430-vlinves-czechrepublic,equus_caballus:locality:prjeb44430:vlinves:czechrepublic,Equus caballus,horse,domesticated_core,accepted,Vliněves,Czech Republic,50.36361,14.44931,supplementary_table_coordinates,exact,1,equus_caballus:sample:prjeb44430:samea9533358,,,,not_reported,PRJEB44430,10.1038/s41586-021-04018-9,,2574 BP,false
animal-atlas-feature:equus-caballus-locality-prjeb44430-zeerdegchingiinkhoshuu-mongolia,animal-atlas-row:equus-caballus-prjeb44430-equus-caballus-locality-prjeb44430-zeerdegchingiinkhoshuu-mongolia,equus_caballus:locality:prjeb44430:zeerdegchingiinkhoshuu:mongolia,Equus caballus,horse,domesticated_core,accepted,Zeerdegchingiin Khoshuu,Mongolia,51.421361,99.364611,supplementary_table_coordinates,exact,1,equus_caballus:sample:prjeb44430:samea9533308,,,,not_reported,PRJEB44430,10.1038/s41586-021-04018-9,,3086 BP,false
animal-atlas-feature:equus-caballus-locality-prjeb44430-zuniigol-mongolia,animal-atlas-row:equus-caballus-prjeb44430-equus-caballus-locality-prjeb44430-zuniigol-mongolia,equus_caballus:locality:prjeb44430:zuniigol:mongolia,Equus caballus,horse,domesticated_core,accepted,Zunii Gol,Mongolia,49.309444,99.849722,supplementary_table_coordinates,exact,3,equus_caballus:sample:prjeb44430:samea9533309;equus_caballus:sample:prjeb44430:samea9533310;equus_caballus:sample:prjeb44430:samea9533311,,,,not_reported,PRJEB44430,10.1038/s41586-021-04018-9,,2889-3095 BP,false
animal-atlas-feature:equus-caballus-locality-prjeb44430-zuunkhangai1-mongolia,animal-atlas-row:equus-caballus-prjeb44430-equus-caballus-locality-prjeb44430-zuunkhangai1-mongolia,equus_caballus:locality:prjeb44430:zuunkhangai1:mongolia,Equus caballus,horse,domesticated_core,accepted,Zuunkhangai 1,Mongolia,49.325583,95.442278,supplementary_table_coordinates,exact,1,equus_caballus:sample:prjeb44430:samea9533307,,,,not_reported,PRJEB44430,10.1038/s41586-021-04018-9,,3066 BP,false
animal-atlas-feature:equus-caballus-locality-prjeb44430-zuunkhangai257-mongolia,animal-atlas-row:equus-caballus-prjeb44430-equus-caballus-locality-prjeb44430-zuunkhangai257-mongolia,equus_caballus:locality:prjeb44430:zuunkhangai257:mongolia,Equus caballus,horse,domesticated_core,accepted,Zuunkhangai 257,Mongolia,49.325583,95.442278,supplementary_table_coordinates,exact,1,equus_caballus:sample:prjeb44430:samea9533312,,,,not_reported,PRJEB44430,10.1038/s41586-021-04018-9,,2960 BP,false
animal-atlas-feature:felis-catus-locality-prjeb81815-aklhyk-turkey,animal-atlas-row:felis-catus-prjeb81815-felis-catus-locality-prjeb81815-aklhyk-turkey,felis_catus:locality:prjeb81815:aklhyk:turkey,Felis catus,cat,wild_or_progenitor_context,accepted,Aşıklı Höyük,Turkey,38.35,34.23,supplementary_table_coordinates,exact,1,felis_catus:sample:prjeb81815:samea120246517,Felis silvestris silvestris (tax_id 463207),463207,Felis silvestris silvestris,project_species_mismatch,PRJEB81815,10.1126/science.adt2642,,9559-9899 BP,false
animal-atlas-feature:felis-catus-locality-prjeb81815-albafucenscisternafucinoabruzzi-italy,animal-atlas-row:felis-catus-prjeb81815-felis-catus-locality-prjeb81815-albafucenscisternafucinoabruzzi-italy,felis_catus:locality:prjeb81815:albafucenscisternafucinoabruzzi:italy,Felis catus,cat,domesticated_core,accepted,"Alba Fucens -Cisterna (Fucino, Abruzzi)",Italy,42.08,13.41,supplementary_table_coordinates,exact,1,felis_catus:sample:prjeb81815:samea120246516,Felis catus (tax_id 9685),9685,Felis catus,project_species_match,PRJEB81815,10.1126/science.adt2642,,1610-1740 BP,false
animal-atlas-feature:felis-catus-locality-prjeb81815-arenecandidefinaleliguresavonaliguria-italy,animal-atlas-row:felis-catus-prjeb81815-felis-catus-locality-prjeb81815-arenecandidefinaleliguresavonaliguria-italy,felis_catus:locality:prjeb81815:arenecandidefinaleliguresavonaliguria:italy,Felis catus,cat,wild_or_progenitor_context,accepted,"Arene Candide (Finale Ligure, Savona, Liguria)",Italy,44.16,8.33,supplementary_table_coordinates,exact,1,felis_catus:sample:prjeb81815:samea120246515,Felis silvestris silvestris (tax_id 463207),463207,Felis silvestris silvestris,project_species_mismatch,PRJEB81815,10.1126/science.adt2642,,10-11 ka (Epigravettian),false
animal-atlas-feature:felis-catus-locality-prjeb81815-bademaac-turkey,animal-atlas-row:felis-catus-prjeb81815-felis-catus-locality-prjeb81815-bademaac-turkey,felis_catus:locality:prjeb81815:bademaac:turkey,Felis catus,cat,wild_or_progenitor_context,accepted,Bademağacı,Turkey,37.21,30.47,supplementary_table_coordinates,exact,2,felis_catus:sample:prjeb81815:samea120246518;felis_catus:sample:prjeb81815:samea120246519,Felis silvestris silvestris (tax_id 463207),463207,Felis silvestris silvestris,project_species_mismatch,PRJEB81815,10.1126/science.adt2642,,8039-8379 BP,false
animal-atlas-feature:felis-catus-locality-prjeb81815-bankofportugal-portugal,animal-atlas-row:felis-catus-prjeb81815-felis-catus-locality-prjeb81815-bankofportugal-portugal,felis_catus:locality:prjeb81815:bankofportugal:portugal,Felis catus,cat,domesticated_core,accepted,Bank of Portugal,Portugal,38.71,-9.14,supplementary_table_coordinates,exact,3,felis_catus:sample:prjeb81815:samea120246522;felis_catus:sample:prjeb81815:samea120246523;felis_catus:sample:prjeb81815:samea120246524,Felis catus (tax_id 9685),9685,Felis catus,project_species_match,PRJEB81815,10.1126/science.adt2642,,910-1060 BP,false
animal-atlas-feature:felis-catus-locality-prjeb81815-bremen201altstadtmarktplatz-germany,animal-atlas-row:felis-catus-prjeb81815-felis-catus-locality-prjeb81815-bremen201altstadtmarktplatz-germany,felis_catus:locality:prjeb81815:bremen201altstadtmarktplatz:germany,Felis catus,cat,domesticated_core,accepted,"Bremen; 201-Altstadt, Marktplatz",Germany,53.1,8.83,supplementary_table_coordinates,exact,1,felis_catus:sample:prjeb81815:samea120246525,Felis catus (tax_id 9685),9685,Felis catus,project_species_match,PRJEB81815,10.1126/science.adt2642,,320-510 BP,false
animal-atlas-feature:felis-catus-locality-prjeb81815-bremen253altstadtamwall-germany,animal-atlas-row:felis-catus-prjeb81815-felis-catus-locality-prjeb81815-bremen253altstadtamwall-germany,felis_catus:locality:prjeb81815:bremen253altstadtamwall:germany,Felis catus,cat,domesticated_core,accepted,"Bremen; 253-Altstadt, Am Wall",Germany,53.1,8.83,supplementary_table_coordinates,exact,1,felis_catus:sample:prjeb81815:samea120246526,Felis catus (tax_id 9685),9685,Felis catus,project_species_match,PRJEB81815,10.1126/science.adt2642,,16th,false
animal-atlas-feature:felis-catus-locality-prjeb81815-castiglioneinsabina-italy,animal-atlas-row:felis-catus-prjeb81815-felis-catus-locality-prjeb81815-castiglioneinsabina-italy,felis_catus:locality:prjeb81815:castiglioneinsabina:italy,Felis catus,cat,domesticated_core,accepted,Castiglione in Sabina,Italy,42.11,12.78,supplementary_table_coordinates,exact,1,felis_catus:sample:prjeb81815:samea120246529,Felis catus (tax_id 9685),9685,Felis catus,project_species_match,PRJEB81815,10.1126/science.adt2642,,11-12th c AD,false
animal-atlas-feature:felis-catus-locality-prjeb81815-covadeelstrocshuesca-spain,animal-atlas-row:felis-catus-prjeb81815-felis-catus-locality-prjeb81815-covadeelstrocshuesca-spain,felis_catus:locality:prjeb81815:covadeelstrocshuesca:spain,Felis catus,cat,wild_or_progenitor_context,accepted,"Cova de Els Trocs, Huesca",Spain,42.47,0.53,supplementary_table_coordinates,exact,1,felis_catus:sample:prjeb81815:samea120246531,Felis silvestris silvestris (tax_id 463207),463207,Felis silvestris silvestris,project_species_mismatch,PRJEB81815,10.1126/science.adt2642,,6989-7249 BP,false
animal-atlas-feature:felis-catus-locality-prjeb81815-demircihyk-turkey,animal-atlas-row:felis-catus-prjeb81815-felis-catus-locality-prjeb81815-demircihyk-turkey,felis_catus:locality:prjeb81815:demircihyk:turkey,Felis catus,cat,domesticated_core,accepted,Demircihüyük,Turkey,40.17,29.98,supplementary_table_coordinates,exact,1,felis_catus:sample:prjeb81815:samea120246533,Felis catus (tax_id 9685),9685,Felis catus,project_species_match,PRJEB81815,10.1126/science.adt2642,,550-650 BP,false
animal-atlas-feature:felis-catus-locality-prjeb81815-durankulak-bulgaria,animal-atlas-row:felis-catus-prjeb81815-felis-catus-locality-prjeb81815-durankulak-bulgaria,felis_catus:locality:prjeb81815:durankulak:bulgaria,Felis catus,cat,wild_or_progenitor_context,accepted,Durankulak,Bulgaria,43.7,28.54,supplementary_table_coordinates,exact,4,felis_catus:sample:prjeb81815:samea120246536;felis_catus:sample:prjeb81815:samea120246537;felis_catus:sample:prjeb81815:samea120246538;felis_catus:sample:prjeb81815:samea120246539,Felis silvestris silvestris (tax_id 463207),463207,Felis silvestris silvestris,project_species_mismatch,PRJEB81815,10.1126/science.adt2642,,6049-6399 BP,false
animal-atlas-feature:felis-catus-locality-prjeb81815-genonisantuantinesardinia-italy,animal-atlas-row:felis-catus-prjeb81815-felis-catus-locality-prjeb81815-genonisantuantinesardinia-italy,felis_catus:locality:prjeb81815:genonisantuantinesardinia:italy,Felis catus,cat,wild_or_progenitor_context,accepted,"Genoni Santu Antine, Sardinia",Italy,39.8,9.0,supplementary_table_coordinates,exact,1,felis_catus:sample:prjeb81815:samea120246544,Felis silvestris lybica (tax_id 61377),61377,Felis silvestris lybica,project_species_mismatch,PRJEB81815,10.1126/science.adt2642,,1999-2289 BP,false
animal-atlas-feature:felis-catus-locality-prjeb81815-graffignanoviterbolatium-italy,animal-atlas-row:felis-catus-prjeb81815-felis-catus-locality-prjeb81815-graffignanoviterbolatium-italy,felis_catus:locality:prjeb81815:graffignanoviterbolatium:italy,Felis catus,cat,domesticated_core,accepted,"Graffignano (Viterbo, Latium)",Italy,42.57,12.2,supplementary_table_coordinates,exact,1,felis_catus:sample:prjeb81815:samea120246543,Felis catus (tax_id 9685),9685,Felis catus,project_species_match,PRJEB81815,10.1126/science.adt2642,,Late 15th-Early 16th cent AD,false
animal-atlas-feature:felis-catus-locality-prjeb81815-grottadelcoccinarniumbria-italy,animal-atlas-row:felis-catus-prjeb81815-felis-catus-locality-prjeb81815-grottadelcoccinarniumbria-italy,felis_catus:locality:prjeb81815:grottadelcoccinarniumbria:italy,Felis catus,cat,wild_or_progenitor_context,accepted,"Grotta del Cocci (Narni, Umbria)",Italy,42.52,12.52,supplementary_table_coordinates,exact,1,felis_catus:sample:prjeb81815:samea120246532,Felis silvestris silvestris (tax_id 463207),463207,Felis silvestris silvestris,project_species_mismatch,PRJEB81815,10.1126/science.adt2642,,7159-7319 BP,false
animal-atlas-feature:felis-catus-locality-prjeb81815-iznikromantheatre-turkey,animal-atlas-row:felis-catus-prjeb81815-felis-catus-locality-prjeb81815-iznikromantheatre-turkey,felis_catus:locality:prjeb81815:iznikromantheatre:turkey,Felis catus,cat,domesticated_core,accepted,Iznik - Roman theatre,Turkey,40.42,29.72,supplementary_table_coordinates,exact,1,felis_catus:sample:prjeb81815:samea120246548,Felis catus (tax_id 9685),9685,Felis catus,project_species_match,PRJEB81815,10.1126/science.adt2642,,1300-1375 BP,false
animal-atlas-feature:felis-catus-locality-prjeb81815-kassope-greece,animal-atlas-row:felis-catus-prjeb81815-felis-catus-locality-prjeb81815-kassope-greece,felis_catus:locality:prjeb81815:kassope:greece,Felis catus,cat,wild_or_progenitor_context,accepted,Kassope,Greece,39.15,20.67,supplementary_table_coordinates,exact,2,felis_catus:sample:prjeb81815:samea120246549;felis_catus:sample:prjeb81815:samea120246550,Felis silvestris silvestris (tax_id 463207),463207,Felis silvestris silvestris,project_species_mismatch,PRJEB81815,10.1126/science.adt2642,,2149-2349 BP,false
animal-atlas-feature:felis-catus-locality-prjeb81815-koprivec-bulgaria,animal-atlas-row:felis-catus-prjeb81815-felis-catus-locality-prjeb81815-koprivec-bulgaria,felis_catus:locality:prjeb81815:koprivec:bulgaria,Felis catus,cat,wild_or_progenitor_context,accepted,Koprivec,Bulgaria,43.41,25.88,supplementary_table_coordinates,exact,1,felis_catus:sample:prjeb81815:samea120246551,Felis silvestris silvestris (tax_id 463207),463207,Felis silvestris silvestris,project_species_mismatch,PRJEB81815,10.1126/science.adt2642,,7309-7429 BP,false
animal-atlas-feature:felis-catus-locality-prjeb81815-labastida-spain,animal-atlas-row:felis-catus-prjeb81815-felis-catus-locality-prjeb81815-labastida-spain,felis_catus:locality:prjeb81815:labastida:spain,Felis catus,cat,domesticated_core,accepted,Labastida,Spain,42.58,-2.78,supplementary_table_coordinates,exact,1,felis_catus:sample:prjeb81815:samea120246552,Felis catus (tax_id 9685),9685,Felis catus,project_species_match,PRJEB81815,10.1126/science.adt2642,,end 15th-early 16th c.,false
animal-atlas-feature:felis-catus-locality-prjeb81815-mauternvicusost-austria,animal-atlas-row:felis-catus-prjeb81815-felis-catus-locality-prjeb81815-mauternvicusost-austria,felis_catus:locality:prjeb81815:mauternvicusost:austria,Felis catus,cat,domesticated_core,accepted,Mautern - vicus Ost,Austria,48.39,15.58,supplementary_table_coordinates,exact,1,felis_catus:sample:prjeb81815:samea120246560,Felis catus (tax_id 9685),9685,Felis catus,project_species_match,PRJEB81815,10.1126/science.adt2642,,1870-1999 BP,false
animal-atlas-feature:felis-catus-locality-prjeb81815-mentee-turkey,animal-atlas-row:felis-catus-prjeb81815-felis-catus-locality-prjeb81815-mentee-turkey,felis_catus:locality:prjeb81815:mentee:turkey,Felis catus,cat,wild_or_progenitor_context,accepted,Menteşe,Turkey,40.28,29.52,supplementary_table_coordinates,exact,1,felis_catus:sample:prjeb81815:samea120246555,Felis silvestris silvestris (tax_id 463207),463207,Felis silvestris silvestris,project_species_mismatch,PRJEB81815,10.1126/science.adt2642,,7929-8024 BP,false
animal-atlas-feature:felis-catus-locality-prjeb81815-musarnaviterbolatium-italy,animal-atlas-row:felis-catus-prjeb81815-felis-catus-locality-prjeb81815-musarnaviterbolatium-italy,felis_catus:locality:prjeb81815:musarnaviterbolatium:italy,Felis catus,cat,wild_or_progenitor_context,accepted,"Musarna (Viterbo, Latium)",Italy,42.41,11.98,supplementary_table_coordinates,exact,1,felis_catus:sample:prjeb81815:samea120246561,Felis silvestris silvestris (tax_id 463207),463207,Felis silvestris silvestris,project_species_mismatch,PRJEB81815,10.1126/science.adt2642,,1410-1590 BP,false
animal-atlas-feature:felis-catus-locality-prjeb81815-nardtorresantacaterina-italy,animal-atlas-row:felis-catus-prjeb81815-felis-catus-locality-prjeb81815-nardtorresantacaterina-italy,felis_catus:locality:prjeb81815:nardtorresantacaterina:italy,Felis catus,cat,domesticated_core,accepted,Nardò “torre santa Caterina”,Italy,40.14,17.99,supplementary_table_coordinates,exact,1,felis_catus:sample:prjeb81815:samea120246576,Felis catus (tax_id 9685),9685,Felis catus,project_species_match,PRJEB81815,10.1126/science.adt2642,,17-18th c AD,false
animal-atlas-feature:felis-catus-locality-prjeb81815-padovaviacesarebattistiveneto-italy,animal-atlas-row:felis-catus-prjeb81815-felis-catus-locality-prjeb81815-padovaviacesarebattistiveneto-italy,felis_catus:locality:prjeb81815:padovaviacesarebattistiveneto:italy,Felis catus,cat,domesticated_core,accepted,Padova Via Cesare Battisti (Veneto),Italy,45.41,11.87,supplementary_table_coordinates,exact,1,felis_catus:sample:prjeb81815:samea120246562,Felis catus (tax_id 9685),9685,Felis catus,project_species_match,PRJEB81815,10.1126/science.adt2642,,510-550 BP,false
animal-atlas-feature:felis-catus-locality-prjeb81815-palatinonortheastsloperome-italy,animal-atlas-row:felis-catus-prjeb81815-felis-catus-locality-prjeb81815-palatinonortheastsloperome-italy,felis_catus:locality:prjeb81815:palatinonortheastsloperome:italy,Felis catus,cat,domesticated_core,accepted,Palatino North East slope (Rome),Italy,41.89,12.49,supplementary_table_coordinates,exact,2,felis_catus:sample:prjeb81815:samea120246567;felis_catus:sample:prjeb81815:samea120246568,Felis catus (tax_id 9685),9685,Felis catus,project_species_match,PRJEB81815,10.1126/science.adt2642,,1580-1720 BP,false
animal-atlas-feature:felis-catus-locality-prjeb81815-palmelacastle-portugal,animal-atlas-row:felis-catus-prjeb81815-felis-catus-locality-prjeb81815-palmelacastle-portugal,felis_catus:locality:prjeb81815:palmelacastle:portugal,Felis catus,cat,domesticated_core,accepted,Palmela Castle,Portugal,38.57,-8.9,supplementary_table_coordinates,exact,2,felis_catus:sample:prjeb81815:samea120246563;felis_catus:sample:prjeb81815:samea120246564,Felis catus (tax_id 9685),9685,Felis catus,project_species_match,PRJEB81815,10.1126/science.adt2642,,12-13th c,false
animal-atlas-feature:felis-catus-locality-prjeb81815-parking58brussels-belgium,animal-atlas-row:felis-catus-prjeb81815-felis-catus-locality-prjeb81815-parking58brussels-belgium,felis_catus:locality:prjeb81815:parking58brussels:belgium,Felis catus,cat,domesticated_core,accepted,"Parking 58, Brussels",Belgium,50.85,4.35,supplementary_table_coordinates,exact,2,felis_catus:sample:prjeb81815:samea120246527;felis_catus:sample:prjeb81815:samea120246528,Felis catus (tax_id 9685),9685,Felis catus,project_species_match,PRJEB81815,10.1126/science.adt2642,,end 14th - 15th cent. AD,false
animal-atlas-feature:felis-catus-locality-prjeb81815-petronellcarnuntum-austria,animal-atlas-row:felis-catus-prjeb81815-felis-catus-locality-prjeb81815-petronellcarnuntum-austria,felis_catus:locality:prjeb81815:petronellcarnuntum:austria,Felis catus,cat,domesticated_core,accepted,Petronell-Carnuntum,Austria,48.12,16.85,supplementary_table_coordinates,exact,2,felis_catus:sample:prjeb81815:samea120246565;felis_catus:sample:prjeb81815:samea120246566,Felis catus (tax_id 9685),9685,Felis catus,project_species_match,PRJEB81815,10.1126/science.adt2642,,1630-1930 BP,false
animal-atlas-feature:felis-catus-locality-prjeb81815-romesceciliaintrastevere-italy,animal-atlas-row:felis-catus-prjeb81815-felis-catus-locality-prjeb81815-romesceciliaintrastevere-italy,felis_catus:locality:prjeb81815:romesceciliaintrastevere:italy,Felis catus,cat,domesticated_core,accepted,"Rome, S. Cecilia in Trastevere",Italy,41.89,12.48,supplementary_table_coordinates,exact,1,felis_catus:sample:prjeb81815:samea120246530,Felis catus (tax_id 9685),9685,Felis catus,project_species_match,PRJEB81815,10.1126/science.adt2642,,12-13th c AD,false
animal-atlas-feature:felis-catus-locality-prjeb81815-sagalassos-turkey,animal-atlas-row:felis-catus-prjeb81815-felis-catus-locality-prjeb81815-sagalassos-turkey,felis_catus:locality:prjeb81815:sagalassos:turkey,Felis catus,cat,domesticated_core,accepted,Sagalassos,Turkey,37.68,30.52,supplementary_table_coordinates,exact,1,felis_catus:sample:prjeb81815:samea120246573,Felis catus (tax_id 9685),9685,Felis catus,project_species_match,PRJEB81815,10.1126/science.adt2642,,Early Byzantine,false
animal-atlas-feature:felis-catus-locality-prjeb81815-salzburgresidenz-austria,animal-atlas-row:felis-catus-prjeb81815-felis-catus-locality-prjeb81815-salzburgresidenz-austria,felis_catus:locality:prjeb81815:salzburgresidenz:austria,Felis catus,cat,domesticated_core,accepted,Salzburg - Residenz,Austria,47.8,13.05,supplementary_table_coordinates,exact,1,felis_catus:sample:prjeb81815:samea120246575,Felis catus (tax_id 9685),9685,Felis catus,project_species_match,PRJEB81815,10.1126/science.adt2642,,15/16th centuries,false
animal-atlas-feature:felis-catus-locality-prjeb81815-saracenacosenzacalabria-italy,animal-atlas-row:felis-catus-prjeb81815-felis-catus-locality-prjeb81815-saracenacosenzacalabria-italy,felis_catus:locality:prjeb81815:saracenacosenzacalabria:italy,Felis catus,cat,wild_or_progenitor_context,accepted,"Saracena (Cosenza, Calabria)",Italy,39.77,16.15,supplementary_table_coordinates,exact,1,felis_catus:sample:prjeb81815:samea120246574,Felis silvestris silvestris (tax_id 463207),463207,Felis silvestris silvestris,project_species_mismatch,PRJEB81815,10.1126/science.adt2642,,Early Neolithic,false
animal-atlas-feature:felis-catus-locality-prjeb81815-sassaripalazzoducalesardinia-italy,animal-atlas-row:felis-catus-prjeb81815-felis-catus-locality-prjeb81815-sassaripalazzoducalesardinia-italy,felis_catus:locality:prjeb81815:sassaripalazzoducalesardinia:italy,Felis catus,cat,domesticated_core,accepted,"Sassari, palazzo ducale, Sardinia",Italy,40.73,8.55,supplementary_table_coordinates,exact,1,felis_catus:sample:prjeb81815:samea120246577,Felis catus (tax_id 9685),9685,Felis catus,project_species_match,PRJEB81815,10.1126/science.adt2642,,19th AD,false
animal-atlas-feature:felis-catus-locality-prjeb81815-tabernasspain-spain,animal-atlas-row:felis-catus-prjeb81815-felis-catus-locality-prjeb81815-tabernasspain-spain,felis_catus:locality:prjeb81815:tabernasspain:spain,Felis catus,cat,wild_or_progenitor_context,accepted,"Tabernas, Spain",Spain,37.05,-2.39,supplementary_table_coordinates,exact,1,felis_catus:sample:prjeb81815:samea120246578,Felis silvestris silvestris (tax_id 463207),463207,Felis silvestris silvestris,project_species_mismatch,PRJEB81815,10.1126/science.adt2642,,4349-4649 BP,false
animal-atlas-feature:felis-catus-locality-prjeb81815-terteniasardinia-italy,animal-atlas-row:felis-catus-prjeb81815-felis-catus-locality-prjeb81815-terteniasardinia-italy,felis_catus:locality:prjeb81815:terteniasardinia:italy,Felis catus,cat,domesticated_core,accepted,"Tertenia, Sardinia",Italy,39.69,9.58,supplementary_table_coordinates,exact,1,felis_catus:sample:prjeb81815:samea120246579,Felis catus (tax_id 9685),9685,Felis catus,project_species_match,PRJEB81815,10.1126/science.adt2642,,4th-5th c AD,false
animal-atlas-feature:felis-catus-locality-prjeb81815-tongerenindustrieoost-belgium,animal-atlas-row:felis-catus-prjeb81815-felis-catus-locality-prjeb81815-tongerenindustrieoost-belgium,felis_catus:locality:prjeb81815:tongerenindustrieoost:belgium,Felis catus,cat,wild_or_progenitor_context,accepted,"Tongeren, Industrie Oost",Belgium,50.78,5.46,supplementary_table_coordinates,exact,1,felis_catus:sample:prjeb81815:samea120246580,Felis silvestris silvestris (tax_id 463207),463207,Felis silvestris silvestris,project_species_mismatch,PRJEB81815,10.1126/science.adt2642,,1820-1989 BP,false
animal-atlas-feature:felis-catus-locality-prjeb81815-traismauer-austria,animal-atlas-row:felis-catus-prjeb81815-felis-catus-locality-prjeb81815-traismauer-austria,felis_catus:locality:prjeb81815:traismauer:austria,Felis catus,cat,domesticated_core,accepted,Traismauer,Austria,48.35,15.74,supplementary_table_coordinates,exact,1,felis_catus:sample:prjeb81815:samea120246581,Felis catus (tax_id 9685),9685,Felis catus,project_species_match,PRJEB81815,10.1126/science.adt2642,,1730-1890 BP,false
animal-atlas-feature:felis-catus-locality-prjeb81815-viminaciumamphitheatre-serbia,animal-atlas-row:felis-catus-prjeb81815-felis-catus-locality-prjeb81815-viminaciumamphitheatre-serbia,felis_catus:locality:prjeb81815:viminaciumamphitheatre:serbia,Felis catus,cat,domesticated_core,accepted,Viminacium/Amphitheatre,Serbia,44.74,21.23,supplementary_table_coordinates,exact,2,felis_catus:sample:prjeb81815:samea120246582;felis_catus:sample:prjeb81815:samea120246583,Felis catus (tax_id 9685),9685,Felis catus,project_species_match,PRJEB81815,10.1126/science.adt2642,,1530-1930 BP,false
animal-atlas-feature:felis-catus-locality-prjeb81815-viminaciumnadklepakom-serbia,animal-atlas-row:felis-catus-prjeb81815-felis-catus-locality-prjeb81815-viminaciumnadklepakom-serbia,felis_catus:locality:prjeb81815:viminaciumnadklepakom:serbia,Felis catus,cat,wild_or_progenitor_context,accepted,Viminacium-Nad Klepačkom,Serbia,44.74,21.23,supplementary_table_coordinates,exact,1,felis_catus:sample:prjeb81815:samea120246584,Felis silvestris silvestris (tax_id 463207),463207,Felis silvestris silvestris,project_species_mismatch,PRJEB81815,10.1126/science.adt2642,,790-960 BP,false
animal-atlas-feature:felis-catus-locality-prjeb81815-yenikapmarmarayexc-turkey,animal-atlas-row:felis-catus-prjeb81815-felis-catus-locality-prjeb81815-yenikapmarmarayexc-turkey,felis_catus:locality:prjeb81815:yenikapmarmarayexc:turkey,Felis catus,cat,domesticated_core,accepted,"Yenikapı, Marmaray exc.",Turkey,41.0,28.95,supplementary_table_coordinates,exact,4,felis_catus:sample:prjeb81815:samea120246556;felis_catus:sample:prjeb81815:samea120246557;felis_catus:sample:prjeb81815:samea120246558;felis_catus:sample:prjeb81815:samea120246559,Felis catus (tax_id 9685),9685,Felis catus,project_species_match,PRJEB81815,10.1126/science.adt2642,,1170-1310 BP,false
animal-atlas-feature:ovis-aries-locality-prjeb59481-kastelholm-finland,animal-atlas-row:ovis-aries-prjeb59481-ovis-aries-locality-prjeb59481-kastelholm-finland,ovis_aries:locality:prjeb59481:kastelholm:finland,Ovis aries,sheep,domesticated_core,accepted,Kastelholm,Finland,60.23,20.08,archive_coordinates,source_reported_two_decimal_degrees,2,ovis_aries:sample:prjeb59481:samea112960291;ovis_aries:sample:prjeb59481:samea112960292,Ovis aries (tax_id 9940),9940,Ovis aries,project_species_match,PRJEB59481,10.1093/gbe/evae114,,340-527 BP,true
animal-atlas-feature:ovis-aries-locality-prjeb59481-storafrvar-sweden,animal-atlas-row:ovis-aries-prjeb59481-ovis-aries-locality-prjeb59481-storafrvar-sweden,ovis_aries:locality:prjeb59481:storafrvar:sweden,Ovis aries,sheep,domesticated_core,accepted,Stora Förvar,Sweden,57.29,17.97,archive_coordinates,source_reported_two_decimal_degrees,3,ovis_aries:sample:prjeb59481:samea112960293;ovis_aries:sample:prjeb59481:samea112960294;ovis_aries:sample:prjeb59481:samea112960295,Ovis aries (tax_id 9940),9940,Ovis aries,project_species_match,PRJEB59481,10.1093/gbe/evae114,,3699-4151 BP,true
animal-atlas-feature:sus-scrofa-domesticus-locality-prjeb30282-bunds-denmark,animal-atlas-row:sus-scrofa-domesticus-prjeb30282-sus-scrofa-domesticus-locality-prjeb30282-bunds-denmark,sus_scrofa_domesticus:locality:prjeb30282:bunds:denmark,Sus scrofa domesticus,pig,domesticated_core,accepted,Bundsø,Denmark,55.02158609,9.77344984,named_site_geocoding,approximate,1,sus_scrofa_domesticus:sample:prjeb30282:samea5160867,Sus scrofa (tax_id 9823),9823,Sus scrofa,project_species_mismatch,PRJEB30282,10.1073/pnas.1901169116,https://eprints.bournemouth.ac.uk/32649/13/Franz%20et%20al.%2C%202019%20-%20PNAS%20-%20Suppl%20Info.pdf;https://www.kulturarv.dk/ffpublic/wfs?service=WFS&version=1.1.0&request=GetFeature&typeName=fundogfortidsminder:fundogfortidsminder_punkt_ikkefredet&outputFormat=application/json&srsName=EPSG:4326&CQL_FILTER=systemnr%3D86607,4700 BP,true
animal-atlas-feature:sus-scrofa-domesticus-locality-prjeb30282-trelleborg-denmark,animal-atlas-row:sus-scrofa-domesticus-prjeb30282-sus-scrofa-domesticus-locality-prjeb30282-trelleborg-denmark,sus_scrofa_domesticus:locality:prjeb30282:trelleborg:denmark,Sus scrofa domesticus,pig,domesticated_core,accepted,Trelleborg,Denmark,55.39416667,11.26527778,named_site_geocoding,approximate,1,sus_scrofa_domesticus:sample:prjeb30282:samea5160868,Sus scrofa (tax_id 9823),9823,Sus scrofa,project_species_mismatch,PRJEB30282,10.1073/pnas.1901169116,https://en.natmus.dk/fileadmin/user_upload/Editor/ManagementPlan_Web_lille.pdf;https://eprints.bournemouth.ac.uk/32649/13/Franz%20et%20al.%2C%202019%20-%20PNAS%20-%20Suppl%20Info.pdf,1000 BP,true
