project_accession,species_latin_name,species_common_name,site_label,political_entity,paper_doi,paper_url,supplementary_source,source_artifact_path,source_artifact_kind,source_locator,exact_source_text,source_support_status,coordinate_basis,latitude_text,longitude_text,chronology_text,time_start_bp,time_end_bp,dating_basis,comparator_context,domestication_context,interpretation_note,support_gap_note
PRJEB31621,Bos taurus,cattle,Abu Gosh,Israel,10.1126/science.aav1002,https://doi.org/10.1126/science.aav1002,,data/adna/governance/source_library/papers/10.1126-science.aav1002/supplementary/aav1002_verdugo_sm.pdf,supplementary_spreadsheet_row,"sample_accession:SAMEA5577344 || Table S1 sample ID:Abu1 || Archaeological sites and context section 1 ""Abu Gosh, Israel"" (PDF page 2)",Archive taxonomy Bos primigenius (tax_id 9909) | supplement sample Abu1 | Abu Gosh | 7500-6000 BCE,supplementary_table_row,site_level_localities,,,7949-9449 BP,,,unknown,false,domesticated_core,This locality is backed by direct sample rows recovered from the supplementary table; chronology remains sample-owned when its records have different dates.,
PRJEB31621,Bos taurus,cattle,Acemhöyük,Turkey,10.1126/science.aav1002,https://doi.org/10.1126/science.aav1002,,data/adna/governance/source_library/papers/10.1126-science.aav1002/supplementary/aav1002_verdugo_sm.pdf,supplementary_spreadsheet_row,"sample_accession:SAMEA5577346 || Table S1 sample ID:Ace1 || Archaeological sites and context section 2 ""Acemhöyük, Turkey"" (PDF page 2) || Table S2 (PDF pages 58-60), Test ID Ace1, Approximate Date BP",Archive taxonomy Bos taurus (tax_id 9913) | supplement sample Ace1 | Acemhöyük | Approximate Date BP: 4200,supplementary_table_row,site_level_localities,,,approx. 4200 BP,,,unknown,false,domesticated_core,This locality is backed by direct sample rows recovered from the supplementary table; chronology remains sample-owned when its records have different dates.,
PRJEB31621,Bos taurus,cattle,Belovode-Veliko Laole,Serbia,10.1126/science.aav1002,https://doi.org/10.1126/science.aav1002,,data/adna/governance/source_library/papers/10.1126-science.aav1002/supplementary/aav1002_verdugo_sm.pdf,supplementary_spreadsheet_row,"sample_accession:SAMEA5577349 || Table S1 sample ID:Bel1 || Archaeological sites and context section 3 ""Belovode-Veliko Laole, Serbia"" (PDF page 3) || Table S2 (PDF pages 58-60), Test ID Bel1, Approximate Date BP",Archive taxonomy Bos taurus (tax_id 9913) | supplement sample Bel1 | Belovode-Veliko Laole | Approximate Date BP: 6900,supplementary_table_row,site_level_localities,,,approx. 6900 BP,,,unknown,false,domesticated_core,This locality is backed by direct sample rows recovered from the supplementary table; chronology remains sample-owned when its records have different dates.,
PRJEB31621,Bos taurus,cattle,Bestansur,Iraq,10.1126/science.aav1002,https://doi.org/10.1126/science.aav1002,,data/adna/governance/source_library/papers/10.1126-science.aav1002/supplementary/aav1002_verdugo_sm.pdf,supplementary_spreadsheet_row,"sample_accession:SAMEA5577351 || Table S1 sample ID:Bes1 || Archaeological sites and context section 4 ""Bestansur, Iraq"" (PDF page 3) || Table S2 (PDF pages 58-60), Test ID Bes1, Approximate Date BP",Archive taxonomy Bos taurus (tax_id 9913) | supplement sample Bes1 | Bestansur | Approximate Date BP: 2800,supplementary_table_row,site_level_localities,,,,,,unknown,false,domesticated_core,This locality is backed by direct sample rows recovered from the supplementary table; chronology remains sample-owned when its records have different dates.,
PRJEB31621,Bos taurus,cattle,Blagotin,Serbia,10.1126/science.aav1002,https://doi.org/10.1126/science.aav1002,,data/adna/governance/source_library/papers/10.1126-science.aav1002/supplementary/aav1002_verdugo_sm.pdf,supplementary_spreadsheet_row,"sample_accession:SAMEA5577353 || Table S1 sample ID:Bla1 || Archaeological sites and context section 5 ""Blagotin, Serbia"" (PDF page 4) || Table S2 (PDF pages 58-60), Test ID Bla1, Approximate Date BP",Archive taxonomy Bos taurus (tax_id 9913) | supplement sample Bla1 | Blagotin | Approximate Date BP: 8100,supplementary_table_row,site_level_localities,,,approx. 8100 BP,,,unknown,false,domesticated_core,This locality is backed by direct sample rows recovered from the supplementary table; chronology remains sample-owned when its records have different dates.,
PRJEB31621,Bos taurus,cattle,Bubanj,Serbia,10.1126/science.aav1002,https://doi.org/10.1126/science.aav1002,,data/adna/governance/source_library/papers/10.1126-science.aav1002/supplementary/aav1002_verdugo_sm.pdf,supplementary_spreadsheet_row,"sample_accession:SAMEA5577355 || Table S1 sample ID:Bub1 || Archaeological sites and context section 6 ""Bubanj, Serbia"" (PDF page 5) || Table S2 (PDF pages 58-60), Test ID Bub1, Approximate Date BP",Archive taxonomy Bos taurus (tax_id 9913) | supplement sample Bub1 | Bubanj | Approximate Date BP: 7600,supplementary_table_row,site_level_localities,,,approx. 7600 BP,,,unknown,false,domesticated_core,This locality is backed by direct sample rows recovered from the supplementary table; chronology remains sample-owned when its records have different dates.,
PRJEB31621,Bos taurus,cattle,Dariali Tamara Fort,Georgia,10.1126/science.aav1002,https://doi.org/10.1126/science.aav1002,,data/adna/governance/source_library/papers/10.1126-science.aav1002/supplementary/aav1002_verdugo_sm.pdf,supplementary_spreadsheet_row,"sample_accession:SAMEA5577367 || Table S1 sample ID:Kaz1 || Archaeological sites and context section 8 ""Dariali Tamara Fort, Georgia"" (PDF page 6) || Table S2 (PDF pages 58-60), Test ID Kaz1, Approximate Date BP","Archive taxonomy Bos taurus (tax_id 9913) | supplement sample Kaz1 | Dariali Tamara Fort | Approximate Date BP: 1000 | UTM 38N 469400, 4731800; datum not stated",supplementary_table_row,site_level_localities,,,,,,unknown,false,domesticated_core,This locality is backed by direct sample rows recovered from the supplementary table; chronology remains sample-owned when its records have different dates.,
PRJEB31621,Bos taurus,cattle,Gilat,Israel,10.1126/science.aav1002,https://doi.org/10.1126/science.aav1002,,data/adna/governance/source_library/papers/10.1126-science.aav1002/supplementary/aav1002_verdugo_sm.pdf,supplementary_spreadsheet_row,"sample_accession:SAMEA5577361 || Table S1 sample ID:Gil1 || Archaeological sites and context section 9 ""Gilat, Israel"" (PDF page 6)",Archive taxonomy Bos taurus (tax_id 9913) | supplement sample Gil1 | Gilat | c.4300–3300 BC,supplementary_table_row,site_level_localities,,,5249-6249 BP,,,unknown,false,domesticated_core,This locality is backed by direct sample rows recovered from the supplementary table; chronology remains sample-owned when its records have different dates.,
PRJEB31621,Bos taurus,cattle,Gyumri,Armenia,10.1126/science.aav1002,https://doi.org/10.1126/science.aav1002,,data/adna/governance/source_library/papers/10.1126-science.aav1002/supplementary/aav1002_verdugo_sm.pdf,supplementary_spreadsheet_row,"sample_accession:SAMEA5577362 || Table S1 sample ID:Gyu2 || Archaeological sites and context section 10 ""Gyumri, Armenia"" (PDF page 7) || Table S2 (PDF pages 58-60), Test ID Gyu2, Approximate Date BP",Archive taxonomy Bos primigenius (tax_id 9909) | supplement sample Gyu2 | Gyumri | Approximate Date BP: 7040,supplementary_table_row,site_level_localities,,,approx. 7040 BP,,,unknown,false,domesticated_core,This locality is backed by direct sample rows recovered from the supplementary table; chronology remains sample-owned when its records have different dates.,
PRJEB31621,Bos taurus,cattle,Hasanlu,Iran,10.1126/science.aav1002,https://doi.org/10.1126/science.aav1002,,data/adna/governance/source_library/papers/10.1126-science.aav1002/supplementary/aav1002_verdugo_sm.pdf,supplementary_spreadsheet_row,"sample_accession:SAMEA5577363 || Table S1 sample ID:Has1 || Archaeological sites and context section 11 ""Hasanlu, Iran"" (PDF page 7) || Table S2 (PDF pages 58-60), Test ID Has1, Approximate Date BP",Archive taxonomy Bos taurus (tax_id 9913) | supplement sample Has1 | Hasanlu | Approximate Date BP: 3700,supplementary_table_row,site_level_localities,,,,,,unknown,false,domesticated_core,This locality is backed by direct sample rows recovered from the supplementary table; chronology remains sample-owned when its records have different dates.,
PRJEB31621,Bos taurus,cattle,Horvat Castra,Israel,10.1126/science.aav1002,https://doi.org/10.1126/science.aav1002,,data/adna/governance/source_library/papers/10.1126-science.aav1002/supplementary/aav1002_verdugo_sm.pdf,supplementary_spreadsheet_row,"sample_accession:SAMEA5577357 || Table S1 sample ID:Cas1 || Archaeological sites and context section 12 ""Horvat Castra, Israel"" (PDF page 8) || Table S2 (PDF pages 58-60), Test ID Cas1, Approximate Date BP",Archive taxonomy Bos taurus (tax_id 9913) | supplement sample Cas1 | Horvat Castra | Approximate Date BP: 1400,supplementary_table_row,site_level_localities,,,approx. 1400 BP,,,unknown,false,domesticated_core,This locality is backed by direct sample rows recovered from the supplementary table; chronology remains sample-owned when its records have different dates.,
PRJEB31621,Bos taurus,cattle,Koktepe,Uzbekistan,10.1126/science.aav1002,https://doi.org/10.1126/science.aav1002,,data/adna/governance/source_library/papers/10.1126-science.aav1002/supplementary/aav1002_verdugo_sm.pdf,supplementary_spreadsheet_row,"sample_accession:SAMEA5577373 || Table S1 sample ID:Kok1 || Archaeological sites and context section 13 ""Koktepe, Uzbekistan"" (PDF page 8) || Table S2 (PDF pages 58-60), Test ID Kok1, Approximate Date BP",Archive taxonomy Bos taurus (tax_id 9913) | supplement sample Kok1 | Koktepe | Approximate Date BP: 3500,supplementary_table_row,site_level_localities,,,approx. 3500 BP,,,unknown,false,domesticated_core,This locality is backed by direct sample rows recovered from the supplementary table; chronology remains sample-owned when its records have different dates.,
PRJEB31621,Bos taurus,cattle,"Kul Tepe, Azerbaijan",Iran,10.1126/science.aav1002,https://doi.org/10.1126/science.aav1002,,data/adna/governance/source_library/papers/10.1126-science.aav1002/supplementary/aav1002_verdugo_sm.pdf,supplementary_spreadsheet_row,"sample_accession:SAMEA5577348 || Table S1 sample ID:Azer1 || Archaeological sites and context section 14 ""Kul Tepe, Azerbaijan, Iran"" (PDF page 9) || Table S2 (PDF pages 58-60), Test ID Azer1, Approximate Date BP","Archive taxonomy Bos taurus (tax_id 9913) | supplement sample Azer1 | Kul Tepe, Azerbaijan | Approximate Date BP: 6100",supplementary_table_row,site_level_localities,,,approx. 6100 BP,,,unknown,false,domesticated_core,This locality is backed by direct sample rows recovered from the supplementary table; chronology remains sample-owned when its records have different dates.,
PRJEB31621,Bos taurus,cattle,Maral Tappeh,Iran,10.1126/science.aav1002,https://doi.org/10.1126/science.aav1002,,data/adna/governance/source_library/papers/10.1126-science.aav1002/supplementary/aav1002_verdugo_sm.pdf,supplementary_spreadsheet_row,"sample_accession:SAMEA5577374 || Table S1 sample ID:Mar1 || Archaeological sites and context section 15 ""Maral Tappeh, Iran"" (PDF page 9) || Table S2 (PDF pages 58-60), Test ID Mar1, Approximate Date BP",Archive taxonomy Bos taurus (tax_id 9913) | supplement sample Mar1 | Maral Tappeh | Approximate Date BP: 6150,supplementary_table_row,site_level_localities,,,approx. 6150 BP,,,unknown,false,domesticated_core,This locality is backed by direct sample rows recovered from the supplementary table; chronology remains sample-owned when its records have different dates.,
PRJEB31621,Bos taurus,cattle,Menteşe,Turkey,10.1126/science.aav1002,https://doi.org/10.1126/science.aav1002,,data/adna/governance/source_library/papers/10.1126-science.aav1002/supplementary/aav1002_verdugo_sm.pdf,supplementary_spreadsheet_row,"sample_accession:SAMEA5577377 || Table S1 sample ID:Men2 || Archaeological sites and context section 16 ""Menteşe, Turkey"" (PDF page 10) || Table S2 (PDF pages 58-60), Test ID Men2, Approximate Date BP",Archive taxonomy Bos taurus (tax_id 9913) | supplement sample Men2 | Menteşe | Approximate Date BP: 7920,supplementary_table_row,site_level_localities,,,,,,unknown,false,domesticated_core,This locality is backed by direct sample rows recovered from the supplementary table; chronology remains sample-owned when its records have different dates.,
PRJEB31621,Bos taurus,cattle,"Mianroud, Fars",Iran,10.1126/science.aav1002,https://doi.org/10.1126/science.aav1002,,data/adna/governance/source_library/papers/10.1126-science.aav1002/supplementary/aav1002_verdugo_sm.pdf,supplementary_spreadsheet_row,"sample_accession:SAMEA5577360 || Table S1 sample ID:Far1 || Archaeological sites and context section 17 ""Mianroud, Fars, Iran"" (PDF page 10) || Table S2 (PDF pages 58-60), Test ID Far1, Approximate Date BP","Archive taxonomy Bos taurus (tax_id 9913) | supplement sample Far1 | Mianroud, Fars | Approximate Date BP: 7700",supplementary_table_row,site_level_localities,,,approx. 7700 BP,,,unknown,false,domesticated_core,This locality is backed by direct sample rows recovered from the supplementary table; chronology remains sample-owned when its records have different dates.,
PRJEB31621,Bos taurus,cattle,Monjukli Depe,Turkmenistan,10.1126/science.aav1002,https://doi.org/10.1126/science.aav1002,,data/adna/governance/source_library/papers/10.1126-science.aav1002/supplementary/aav1002_verdugo_sm.pdf,supplementary_spreadsheet_row,"sample_accession:SAMEA5577378 || Table S1 sample ID:Mon1 || Archaeological sites and context section 18 ""Monjukli Depe, Turkmenistan"" (PDF page 11) || Table S2 (PDF pages 58-60), Test ID Mon1, Approximate Date BP",Archive taxonomy Bos taurus (tax_id 9913) | supplement sample Mon1 | Monjukli Depe | Approximate Date BP: 7200,supplementary_table_row,site_level_localities,,,approx. 7200 BP,,,unknown,false,domesticated_core,This locality is backed by direct sample rows recovered from the supplementary table; chronology remains sample-owned when its records have different dates.,
PRJEB31621,Bos taurus,cattle,Nahal Tillah,Israel,10.1126/science.aav1002,https://doi.org/10.1126/science.aav1002,,data/adna/governance/source_library/papers/10.1126-science.aav1002/supplementary/aav1002_verdugo_sm.pdf,supplementary_spreadsheet_row,"sample_accession:SAMEA5577379 || Table S1 sample ID:Nah1 || Archaeological sites and context section 19 ""Nahal Tillah, Israel"" (PDF page 11)",Archive taxonomy Bos taurus (tax_id 9913) | supplement sample Nah1 | Nahal Tillah | 3300-3050 BC,supplementary_table_row,site_level_localities,,,4999-5249 BP,,,unknown,false,domesticated_core,This locality is backed by direct sample rows recovered from the supplementary table; chronology remains sample-owned when its records have different dates.,
PRJEB31621,Bos taurus,cattle,"Nishapur Kohandež, Central Khorasan",Iran,10.1126/science.aav1002,https://doi.org/10.1126/science.aav1002,,data/adna/governance/source_library/papers/10.1126-science.aav1002/supplementary/aav1002_verdugo_sm.pdf,supplementary_spreadsheet_row,"sample_accession:SAMEA5577372 || Table S1 sample ID:Kho1 || Archaeological sites and context section 20 ""Nishapur Kohandež, Central Khorasan, Iran"" (PDF page 12) || Table S2 (PDF pages 58-60), Test ID Kho1, Approximate Date BP","Archive taxonomy Bos taurus (tax_id 9913) | supplement sample Kho1 | Nishapur Kohandež, Central Khorasan | Approximate Date BP: 1400",supplementary_table_row,site_level_localities,,,approx. 1400 BP,,,unknown,false,domesticated_core,This locality is backed by direct sample rows recovered from the supplementary table; chronology remains sample-owned when its records have different dates.,
PRJEB31621,Bos taurus,cattle,Pločnik,Serbia,10.1126/science.aav1002,https://doi.org/10.1126/science.aav1002,,data/adna/governance/source_library/papers/10.1126-science.aav1002/supplementary/aav1002_verdugo_sm.pdf,supplementary_spreadsheet_row,"sample_accession:SAMEA5577380 || Table S1 sample ID:Plo1 || Archaeological sites and context section 21 ""Pločnik, Serbia"" (PDF page 12) || Table S2 (PDF pages 58-60), Test ID Plo1, Approximate Date BP",Archive taxonomy Bos taurus (tax_id 9913) | supplement sample Plo1 | Pločnik | Approximate Date BP: 7125,supplementary_table_row,site_level_localities,,,,,,unknown,false,domesticated_core,This locality is backed by direct sample rows recovered from the supplementary table; chronology remains sample-owned when its records have different dates.,
PRJEB31621,Bos taurus,cattle,"Promachon, Serres",Greece,10.1126/science.aav1002,https://doi.org/10.1126/science.aav1002,,data/adna/governance/source_library/papers/10.1126-science.aav1002/supplementary/aav1002_verdugo_sm.pdf,supplementary_spreadsheet_row,"sample_accession:SAMEA5577388 || Table S1 sample ID:Pro1 || Archaeological sites and context section 22 ""Promachon, Serres, Greece"" (PDF page 13)","Archive taxonomy Bos taurus (tax_id 9913) | supplement sample Pro1 | Promachon, Serres | 5320-5070 Cal. BC",supplementary_table_row,site_level_localities,,,7019-7269 BP,,,unknown,false,domesticated_core,This locality is backed by direct sample rows recovered from the supplementary table; chronology remains sample-owned when its records have different dates.,
PRJEB31621,Bos taurus,cattle,"Sarakenos Cave, Boeotia",Greece,10.1126/science.aav1002,https://doi.org/10.1126/science.aav1002,,data/adna/governance/source_library/papers/10.1126-science.aav1002/supplementary/aav1002_verdugo_sm.pdf,supplementary_spreadsheet_row,"sample_accession:SAMEA5577391 || Table S1 sample ID:Sar38 || Archaeological sites and context section 23 ""Sarakenos Cave, Boeotia, Greece"" (PDF page 14)","Archive taxonomy Bos taurus (tax_id 9913) | supplement sample Sar38 | Sarakenos Cave, Boeotia | 5750-5600 BC",supplementary_table_row,site_level_localities,,,7549-7699 BP,,,unknown,false,domesticated_core,This locality is backed by direct sample rows recovered from the supplementary table; chronology remains sample-owned when its records have different dates.,
PRJEB31621,Bos taurus,cattle,Stubline,Serbia,10.1126/science.aav1002,https://doi.org/10.1126/science.aav1002,,data/adna/governance/source_library/papers/10.1126-science.aav1002/supplementary/aav1002_verdugo_sm.pdf,supplementary_spreadsheet_row,"sample_accession:SAMEA5577392 || Table S1 sample ID:Stu1 || Archaeological sites and context section 24 ""Stubline, Serbia"" (PDF page 14) || Table S2 (PDF pages 58-60), Test ID Stu1, Approximate Date BP",Archive taxonomy Bos taurus (tax_id 9913) | supplement sample Stu1 | Stubline | Approximate Date BP: 6600,supplementary_table_row,site_level_localities,,,approx. 6600 BP,,,unknown,false,domesticated_core,This locality is backed by direct sample rows recovered from the supplementary table; chronology remains sample-owned when its records have different dates.,
PRJEB31621,Bos taurus,cattle,Suberde and Erbaba,Turkey,10.1126/science.aav1002,https://doi.org/10.1126/science.aav1002,,data/adna/governance/source_library/papers/10.1126-science.aav1002/supplementary/aav1002_verdugo_sm.pdf,supplementary_spreadsheet_row,"sample_accession:SAMEA5577393 || Table S1 sample ID:Sub1 || Archaeological sites and context section 25 ""Suberde and Erbaba, Turkey"" (PDF page 15)",Archive taxonomy Bos taurus (tax_id 9913) | supplement sample Sub1 | Suberde and Erbaba | 6020-6140 cal BC in the section narrative; 6221-6024 cal. BC in the section table | The primary supplement gives two non-identical calibrated intervals and retains Suberde-versus-Erbaba curation history; numeric chronology and an exact single-site claim must remain withheld.,supplementary_table_row,site_level_localities,,,,,,unknown,false,domesticated_core,This locality is backed by direct sample rows recovered from the supplementary table; chronology remains sample-owned when its records have different dates.,
PRJEB31621,Bos taurus,cattle,Taghit Haddouch,Morocco,10.1126/science.aav1002,https://doi.org/10.1126/science.aav1002,,data/adna/governance/source_library/papers/10.1126-science.aav1002/supplementary/aav1002_verdugo_sm.pdf,supplementary_spreadsheet_row,"sample_accession:SAMEA5577395 || Table S1 sample ID:Th7 || Archaeological sites and context section 26 ""Taghit Haddouch, Morroco"" (PDF page 16) || Table S2 (PDF pages 58-60), Test ID Th7, Approximate Date BP",Archive taxonomy Bos primigenius (tax_id 9909) | supplement sample Th7 | Taghit Haddouch | Approximate Date BP: 7993,supplementary_table_row,site_level_localities,,,approx. 7993 BP,,,unknown,false,domesticated_core,This locality is backed by direct sample rows recovered from the supplementary table; chronology remains sample-owned when its records have different dates.,
PRJEB31621,Bos taurus,cattle,Tappeh-Sang-e-Chakhmaq,Iran,10.1126/science.aav1002,https://doi.org/10.1126/science.aav1002,,data/adna/governance/source_library/papers/10.1126-science.aav1002/supplementary/aav1002_verdugo_sm.pdf,supplementary_spreadsheet_row,"sample_accession:SAMEA5577390 || Table S1 sample ID:Sac3 || Archaeological sites and context section 27 ""Tappeh-Sang-e-Chakhmaq, Iran"" (PDF page 17) || Table S2 (PDF pages 58-60), Test ID Sac3, Approximate Date BP",Archive taxonomy Bos taurus (tax_id 9913) | supplement sample Sac3 | Tappeh-Sang-e-Chakhmaq | Approximate Date BP: 7373,supplementary_table_row,site_level_localities,,,approx. 7373 BP,,,unknown,false,domesticated_core,This locality is backed by direct sample rows recovered from the supplementary table; chronology remains sample-owned when its records have different dates.,
PRJEB31621,Bos taurus,cattle,Tel Ashqelon,Israel,10.1126/science.aav1002,https://doi.org/10.1126/science.aav1002,,data/adna/governance/source_library/papers/10.1126-science.aav1002/supplementary/aav1002_verdugo_sm.pdf,supplementary_spreadsheet_row,"sample_accession:SAMEA5577347 || Table S1 sample ID:Ash4 || Archaeological sites and context section 28 ""Tel Ashqelon, Israel"" (PDF page 17) || Table S2 (PDF pages 58-60), Test ID Ash4, Approximate Date BP",Archive taxonomy Bos taurus (tax_id 9913) | supplement sample Ash4 | Tel Ashqelon | Approximate Date BP: 3100,supplementary_table_row,site_level_localities,,,approx. 3100 BP,,,unknown,false,domesticated_core,This locality is backed by direct sample rows recovered from the supplementary table; chronology remains sample-owned when its records have different dates.,
PRJEB31621,Bos taurus,cattle,Tel Dan,Israel,10.1126/science.aav1002,https://doi.org/10.1126/science.aav1002,,data/adna/governance/source_library/papers/10.1126-science.aav1002/supplementary/aav1002_verdugo_sm.pdf,supplementary_spreadsheet_row,"sample_accession:SAMEA5577359 || Table S1 sample ID:Dan1 || Archaeological sites and context section 29 ""Tel Dan, Israel"" (PDF page 18)",Archive taxonomy Bos taurus (tax_id 9913) | supplement sample Dan1 | Tel Dan | 3500-3000 BC,supplementary_table_row,site_level_localities,,,4949-5449 BP,,,unknown,false,domesticated_core,This locality is backed by direct sample rows recovered from the supplementary table; chronology remains sample-owned when its records have different dates.,
PRJEB31621,Bos taurus,cattle,Tel Masos,Israel,10.1126/science.aav1002,https://doi.org/10.1126/science.aav1002,,data/adna/governance/source_library/papers/10.1126-science.aav1002/supplementary/aav1002_verdugo_sm.pdf,supplementary_spreadsheet_row,"sample_accession:SAMEA5577375 || Table S1 sample ID:Mas1 || Archaeological sites and context section 33 ""Tel Masos, Israel"" (PDF page 20) || Table S2 (PDF pages 58-60), Test ID Mas1, Approximate Date BP",Archive taxonomy Bos taurus (tax_id 9913) | supplement sample Mas1 | Tel Masos | Approximate Date BP: 3100,supplementary_table_row,site_level_localities,,,approx. 3100 BP,,,unknown,false,domesticated_core,This locality is backed by direct sample rows recovered from the supplementary table; chronology remains sample-owned when its records have different dates.,
PRJEB31621,Bos taurus,cattle,Tel Miqne-Ekron,Israel,10.1126/science.aav1002,https://doi.org/10.1126/science.aav1002,,data/adna/governance/source_library/papers/10.1126-science.aav1002/supplementary/aav1002_verdugo_sm.pdf,supplementary_spreadsheet_row,"sample_accession:SAMEA5577397 || Table S1 sample ID:Tmq1 || Archaeological sites and context section 34 ""Tel Miqne-Ekron, Israel"" (PDF page 20) || Table S2 (PDF pages 58-60), Test ID Tmq1, Approximate Date BP",Archive taxonomy Bos taurus (tax_id 9913) | supplement sample Tmq1 | Tel Miqne-Ekron | Approximate Date BP: 3150,supplementary_table_row,site_level_localities,,,,,,unknown,false,domesticated_core,This locality is backed by direct sample rows recovered from the supplementary table; chronology remains sample-owned when its records have different dates.,
PRJEB31621,Bos taurus,cattle,Tel Yoqneam,Israel,10.1126/science.aav1002,https://doi.org/10.1126/science.aav1002,,data/adna/governance/source_library/papers/10.1126-science.aav1002/supplementary/aav1002_verdugo_sm.pdf,supplementary_spreadsheet_row,"sample_accession:SAMEA5577404 || Table S1 sample ID:Tyq1 || Archaeological sites and context section 35 ""Tel Yoqneam, Israel"" (PDF page 20) || Table S2 (PDF pages 58-60), Test ID Tyq1, Approximate Date BP",Archive taxonomy Bos taurus (tax_id 9913) | supplement sample Tyq1 | Tel Yoqneam | Approximate Date BP: 2200,supplementary_table_row,site_level_localities,,,approx. 2200 BP,,,unknown,false,domesticated_core,This locality is backed by direct sample rows recovered from the supplementary table; chronology remains sample-owned when its records have different dates.,
PRJEB31621,Bos taurus,cattle,Tel Zahara,Israel,10.1126/science.aav1002,https://doi.org/10.1126/science.aav1002,,data/adna/governance/source_library/papers/10.1126-science.aav1002/supplementary/aav1002_verdugo_sm.pdf,supplementary_spreadsheet_row,"sample_accession:SAMEA5577406 || Table S1 sample ID:Zah1 || Archaeological sites and context section 36 ""Tel Zahara, Israel"" (PDF page 21) || Table S2 (PDF pages 58-60), Test ID Zah1, Approximate Date BP",Archive taxonomy Bos taurus (tax_id 9913) | supplement sample Zah1 | Tel Zahara | Approximate Date BP: 1850,supplementary_table_row,site_level_localities,,,approx. 1850 BP,,,unknown,false,domesticated_core,This locality is backed by direct sample rows recovered from the supplementary table; chronology remains sample-owned when its records have different dates.,
PRJEB31621,Bos taurus,cattle,Tel es-Qashish,Israel,10.1126/science.aav1002,https://doi.org/10.1126/science.aav1002,,data/adna/governance/source_library/papers/10.1126-science.aav1002/supplementary/aav1002_verdugo_sm.pdf,supplementary_spreadsheet_row,"sample_accession:SAMEA5577401 || Table S1 sample ID:Tqa1 || Archaeological sites and context section 30 ""Tel es-Qashish, Israel"" (PDF page 18) || Table S2 (PDF pages 58-60), Test ID Tqa1, Approximate Date BP",Archive taxonomy Bos taurus (tax_id 9913) | supplement sample Tqa1 | Tel es-Qashish | Approximate Date BP: 4800,supplementary_table_row,site_level_localities,,,approx. 4800 BP,,,unknown,false,domesticated_core,This locality is backed by direct sample rows recovered from the supplementary table; chronology remains sample-owned when its records have different dates.,
PRJEB31621,Bos taurus,cattle,Tel es-Safi,Israel,10.1126/science.aav1002,https://doi.org/10.1126/science.aav1002,,data/adna/governance/source_library/papers/10.1126-science.aav1002/supplementary/aav1002_verdugo_sm.pdf,supplementary_spreadsheet_row,"sample_accession:SAMEA5577407 || Table S1 sample ID:Tsa1 || Archaeological sites and context section 31 ""Tel es-Safi, Israel"" (PDF page 19) || Table S2 (PDF pages 58-60), Test ID Tsa1, Approximate Date BP",Archive taxonomy Bos taurus (tax_id 9913) | supplement sample Tsa1 | Tel es-Safi | Approximate Date BP: 2820,supplementary_table_row,site_level_localities,,,,,,unknown,false,domesticated_core,This locality is backed by direct sample rows recovered from the supplementary table; chronology remains sample-owned when its records have different dates.,
PRJEB31621,Bos taurus,cattle,Tel-Dalit,Israel,10.1126/science.aav1002,https://doi.org/10.1126/science.aav1002,,data/adna/governance/source_library/papers/10.1126-science.aav1002/supplementary/aav1002_verdugo_sm.pdf,supplementary_spreadsheet_row,"sample_accession:SAMEA5577394 || Table S1 sample ID:Tda1 || Archaeological sites and context section 37 ""Tel-Dalit, Israel"" (PDF page 21) || Table S2 (PDF pages 58-60), Test ID Tda1, Approximate Date BP",Archive taxonomy Bos taurus (tax_id 9913) | supplement sample Tda1 | Tel-Dalit | Approximate Date BP: 5050,supplementary_table_row,site_level_localities,,,approx. 5050 BP,,,unknown,false,domesticated_core,This locality is backed by direct sample rows recovered from the supplementary table; chronology remains sample-owned when its records have different dates.,
PRJEB31621,Bos taurus,cattle,Tel-Hreiz,Israel,10.1126/science.aav1002,https://doi.org/10.1126/science.aav1002,,data/adna/governance/source_library/papers/10.1126-science.aav1002/supplementary/aav1002_verdugo_sm.pdf,supplementary_spreadsheet_row,"sample_accession:SAMEA5577396 || Table S1 sample ID:Thr1 || Archaeological sites and context section 32 ""Tel-Hreiz, Israel"" (PDF page 19) || Table S2 (PDF pages 58-60), Test ID Thr1, Approximate Date BP",Archive taxonomy Bos taurus (tax_id 9913) | supplement sample Thr1 | Tel-Hreiz | Approximate Date BP: 6700,supplementary_table_row,site_level_localities,,,approx. 6700 BP,,,unknown,false,domesticated_core,This locality is backed by direct sample rows recovered from the supplementary table; chronology remains sample-owned when its records have different dates.,
PRJEB31621,Bos taurus,cattle,"Tepe Shizar, Qazvin",Iran,10.1126/science.aav1002,https://doi.org/10.1126/science.aav1002,,data/adna/governance/source_library/papers/10.1126-science.aav1002/supplementary/aav1002_verdugo_sm.pdf,supplementary_spreadsheet_row,"sample_accession:SAMEA5577389 || Table S1 sample ID:Qaz1 || Archaeological sites and context section 38 ""Tepe Shizar, Qazvin, Iran"" (PDF page 22) || Table S2 (PDF pages 58-60), Test ID Qaz1, Approximate Date BP","Archive taxonomy Bos taurus (tax_id 9913) | supplement sample Qaz1 | Tepe Shizar, Qazvin | Approximate Date BP: 4760",supplementary_table_row,site_level_localities,,,approx. 4760 BP,,,unknown,false,domesticated_core,This locality is backed by direct sample rows recovered from the supplementary table; chronology remains sample-owned when its records have different dates.,
PRJEB31621,Bos taurus,cattle,Tilla Bulak,Uzbekistan,10.1126/science.aav1002,https://doi.org/10.1126/science.aav1002,,data/adna/governance/source_library/papers/10.1126-science.aav1002/supplementary/aav1002_verdugo_sm.pdf,supplementary_spreadsheet_row,"sample_accession:SAMEA5577356 || Table S1 sample ID:Bul1 || Archaeological sites and context section 39 ""Tilla Bulak, Uzbekistan"" (PDF page 22) || Table S2 (PDF pages 58-60), Test ID Bul1, Approximate Date BP",Archive taxonomy Bos taurus (tax_id 9913) | supplement sample Bul1 | Tilla Bulak | Approximate Date BP: 3800,supplementary_table_row,site_level_localities,,,approx. 3800 BP,,,unknown,false,domesticated_core,This locality is backed by direct sample rows recovered from the supplementary table; chronology remains sample-owned when its records have different dates.,
PRJEB31621,Bos taurus,cattle,Yerqurqan (Erkurgan),Uzbekistan,10.1126/science.aav1002,https://doi.org/10.1126/science.aav1002,,data/adna/governance/source_library/papers/10.1126-science.aav1002/supplementary/aav1002_verdugo_sm.pdf,supplementary_spreadsheet_row,"sample_accession:SAMEA5577405 || Table S1 sample ID:Yer1 || Archaeological sites and context section 40 ""Yerqurqan  (Erkurgan), Uzbekistan:"" (PDF page 23) || Table S2 (PDF pages 58-60), Test ID Yer1, Approximate Date BP",Archive taxonomy Bos taurus (tax_id 9913) | supplement sample Yer1 | Yerqurqan (Erkurgan) | Approximate Date BP: 2050,supplementary_table_row,site_level_localities,,,approx. 2050 BP,,,unknown,false,domesticated_core,This locality is backed by direct sample rows recovered from the supplementary table; chronology remains sample-owned when its records have different dates.,
PRJEB31621,Bos taurus,cattle,Çatalhöyük,Turkey,10.1126/science.aav1002,https://doi.org/10.1126/science.aav1002,,data/adna/governance/source_library/papers/10.1126-science.aav1002/supplementary/aav1002_verdugo_sm.pdf,supplementary_spreadsheet_row,"sample_accession:SAMEA5577358 || Table S1 sample ID:Ch22 || Archaeological sites and context section 7 ""Çatalhöyük, Turkey"" (PDF page 5) || Table S2 (PDF pages 58-60), Test ID Ch22, Approximate Date BP",Archive taxonomy Bos primigenius (tax_id 9909) | supplement sample Ch22 | Çatalhöyük | Approximate Date BP: 7600,supplementary_table_row,site_level_localities,,,approx. 7600 BP,,,unknown,false,domesticated_core,This locality is backed by direct sample rows recovered from the supplementary table; chronology remains sample-owned when its records have different dates.,
PRJEB75467,Bos taurus,cattle,"Barche di Solferino, near Mantova",Italy,10.1038/s41586-024-08112-6,https://doi.org/10.1038/s41586-024-08112-6,,data/adna/governance/source_library/papers/10.1038-s41586-024-08112-6/supplementary/41586_2024_8112_MOESM3_ESM.xlsx,supplementary_spreadsheet_row,Supplementary Data 1!A38:Y38,"workbook sample Mantova1 | specimen V.54 | locality Barche di Solferino, near Mantova, Italy | source proximal coordinates 45.1581560673906, 10.793506163037 | source BP claim 13172-12931 | canonical BP interval [12931, 13172] | published analysis mean 13051.5 BP | normalized integer mean 13052 BP; source decimal precision retained in the published analysis mean | source taxonomy Bos primigenius | population label ""Pleistocene Wild Italy"" | admitted only as explicit wild/progenitor context",supplementary_table_row,supplementary_proximal_site_coordinates,45.1581560673906,10.793506163037,12931-13172 BP,,,unknown,false,wild_or_progenitor_context,This locality is backed by direct sample rows recovered from the supplementary table; chronology remains sample-owned when its records have different dates.,
PRJEB75467,Bos taurus,cattle,"Barguzin river, Baikal",Russia,10.1038/s41586-024-08112-6,https://doi.org/10.1038/s41586-024-08112-6,,data/adna/governance/source_library/papers/10.1038-s41586-024-08112-6/supplementary/41586_2024_8112_MOESM3_ESM.xlsx,supplementary_spreadsheet_row,Supplementary Data 1!A5:Y5,"workbook sample Baikal1 | specimen 13611.0 | locality Barguzin river, Baikal, Russia | source proximal coordinates 51.4966093549618, 104.037519968685 | source BP claim 12455-11941 | canonical BP interval [11941, 12455] | published analysis mean 12198 BP | source taxonomy Bos primigenius | population label ""Pleistocene Wild Siberia"" | admitted only as explicit wild/progenitor context",supplementary_table_row,supplementary_proximal_site_coordinates,51.4966093549618,104.037519968685,11941-12455 BP,,,unknown,false,wild_or_progenitor_context,This locality is backed by direct sample rows recovered from the supplementary table; chronology remains sample-owned when its records have different dates.,
PRJEB75467,Bos taurus,cattle,Bedburg-Königshoven,Germany,10.1038/s41586-024-08112-6,https://doi.org/10.1038/s41586-024-08112-6,,data/adna/governance/source_library/papers/10.1038-s41586-024-08112-6/supplementary/41586_2024_8112_MOESM3_ESM.xlsx,supplementary_spreadsheet_row,Supplementary Data 1!A16:Y16,"workbook sample Bed4 | source specimen ID unavailable | locality Bedburg-Königshoven, Germany | source proximal coordinates 51.1072285985126, 6.46428381971451 | source BP claim 11875-11402 | canonical BP interval [11402, 11875] | published analysis mean 11638.5 BP | normalized integer mean 11638 BP; source decimal precision retained in the published analysis mean | source taxonomy Bos primigenius | population label ""Holocene Wild Germany"" | admitted only as explicit wild/progenitor context",supplementary_table_row,supplementary_proximal_site_coordinates,51.1072285985126,6.46428381971451,11402-11875 BP,,,unknown,false,wild_or_progenitor_context,This locality is backed by direct sample rows recovered from the supplementary table; chronology remains sample-owned when its records have different dates.,
PRJEB75467,Bos taurus,cattle,"Borly 4, Pavlodar region",Kazakhstan,10.1038/s41586-024-08112-6,https://doi.org/10.1038/s41586-024-08112-6,,data/adna/governance/source_library/papers/10.1038-s41586-024-08112-6/supplementary/41586_2024_8112_MOESM3_ESM.xlsx,supplementary_spreadsheet_row,Supplementary Data 1!A23:Y23,"workbook sample Borly4b | specimen Dwelling No. 3, from the ash layer | locality Borly 4, Pavlodar region, Kazakhstan | source proximal coordinates 52.040164667297, 77.7272383993485 | source BP claim 5025-4839 | canonical BP interval [4839, 5025] | published analysis mean 4932 BP | source taxonomy Bos primigenius | population label ""Holocene Wild Central Asia"" | admitted only as explicit wild/progenitor context",supplementary_table_row,supplementary_proximal_site_coordinates,52.040164667297,77.7272383993485,4839-5025 BP,,,unknown,false,wild_or_progenitor_context,This locality is backed by direct sample rows recovered from the supplementary table; chronology remains sample-owned when its records have different dates.,
PRJEB75467,Bos taurus,cattle,Former Soviet Union,Unknown,10.1038/s41586-024-08112-6,https://doi.org/10.1038/s41586-024-08112-6,,data/adna/governance/source_library/papers/10.1038-s41586-024-08112-6/supplementary/41586_2024_8112_MOESM3_ESM.xlsx,supplementary_spreadsheet_row,Supplementary Data 1!A22:Y22 || Supplementary Data 1!A19:Y19,"workbook sample Tango1 | specimen 21998.0 | locality Former Soviet Union, Unknown | source proximal coordinates Unknown, Unknown | source BP claim 4068-3840 | canonical BP interval [3840, 4068] | published analysis mean 3954 BP | source taxonomy Bos primigenius | population label ""Holocene Wild Unknown"" | admitted only as explicit wild/progenitor context || workbook sample Tango2 | specimen 12888.0 | locality Former Soviet Union, Unknown | source proximal coordinates Unknown, Unknown | source BP claim 4525-4305 | canonical BP interval [4305, 4525] | published analysis mean 4415 BP | source taxonomy Bos primigenius | population label ""Holocene Wild Unknown"" | admitted only as explicit wild/progenitor context",supplementary_table_row,supplementary_proximal_site_coordinates,,,,,,unknown,false,wild_or_progenitor_context,This locality is backed by direct sample rows recovered from the supplementary table; chronology remains sample-owned when its records have different dates.,
PRJEB75467,Bos taurus,cattle,"Frederiksborg, Alsønderup",Denmark,10.1038/s41586-024-08112-6,https://doi.org/10.1038/s41586-024-08112-6,,data/adna/governance/source_library/papers/10.1038-s41586-024-08112-6/supplementary/41586_2024_8112_MOESM3_ESM.xlsx,supplementary_spreadsheet_row,Supplementary Data 1!A44:Y44,"workbook sample Fre1 | specimen ZMK16/1957 | locality Frederiksborg, Alsønderup, Denmark | source proximal coordinates 55.9346647197838, 12.3010578233008 | source BP claim 10751-10422 | canonical BP interval [10422, 10751] | published analysis mean 10586.5 BP | normalized integer mean 10586 BP; source decimal precision retained in the published analysis mean | source taxonomy Bos primigenius | population label ""Holocene Wild Scandinavia"" | admitted only as explicit wild/progenitor context | Fre1 is paper-only: the workbook reports UDG treatment 'No' and 0.0 genomic coverage, while the pinned PRJEB75467 archive has no Fre1 filename or BioSample identity; an accession is not inferred.",supplementary_table_row,supplementary_proximal_site_coordinates,55.9346647197838,12.3010578233008,10422-10751 BP,,,unknown,false,wild_or_progenitor_context,This locality is backed by direct sample rows recovered from the supplementary table; chronology remains sample-owned when its records have different dates.,
PRJEB75467,Bos taurus,cattle,"Grotta dell'Uzzo, Sicily",Italy,10.1038/s41586-024-08112-6,https://doi.org/10.1038/s41586-024-08112-6,,data/adna/governance/source_library/papers/10.1038-s41586-024-08112-6/supplementary/41586_2024_8112_MOESM3_ESM.xlsx,supplementary_spreadsheet_row,Supplementary Data 1!A20:Y20,"workbook sample Uzzo1 | specimen Grotta dell'Uzzo | locality Grotta dell'Uzzo, Sicily, Italy | source proximal coordinates 37.5934202669809, 13.8526139597698 | source BP claim 9542-9429 | canonical BP interval [9429, 9542] | published analysis mean 9485.5 BP | normalized integer mean 9486 BP; source decimal precision retained in the published analysis mean | source taxonomy Bos primigenius | population label ""Holocene Wild Italy"" | admitted only as explicit wild/progenitor context",supplementary_table_row,supplementary_proximal_site_coordinates,37.5934202669809,13.8526139597698,9429-9542 BP,,,unknown,false,wild_or_progenitor_context,This locality is backed by direct sample rows recovered from the supplementary table; chronology remains sample-owned when its records have different dates.,
PRJEB75467,Bos taurus,cattle,Gyumri district,Armenia,10.1038/s41586-024-08112-6,https://doi.org/10.1038/s41586-024-08112-6,,data/adna/governance/source_library/papers/10.1038-s41586-024-08112-6/supplementary/41586_2024_8112_MOESM3_ESM.xlsx,supplementary_spreadsheet_row,Supplementary Data 1!A3:Y3,"workbook sample Gyu1 | specimen 11139.0 | locality Gyumri district, Armenia | source proximal coordinates 41.1320112833211, 43.8712544488537 | source BP claim 14023-13789 | canonical BP interval [13789, 14023] | published analysis mean 13906 BP | source taxonomy Bos primigenius | population label ""Pleistocene Wild Caucauses"" | admitted only as explicit wild/progenitor context",supplementary_table_row,supplementary_proximal_site_coordinates,41.1320112833211,43.8712544488537,13789-14023 BP,,,unknown,false,wild_or_progenitor_context,This locality is backed by direct sample rows recovered from the supplementary table; chronology remains sample-owned when its records have different dates.,
PRJEB75467,Bos taurus,cattle,Herxheim,Germany,10.1038/s41586-024-08112-6,https://doi.org/10.1038/s41586-024-08112-6,,data/adna/governance/source_library/papers/10.1038-s41586-024-08112-6/supplementary/41586_2024_8112_MOESM3_ESM.xlsx,supplementary_spreadsheet_row,Supplementary Data 1!A2:Y2,"workbook sample Hxh2 | specimen ER97/102 282-94-11 | locality Herxheim, Germany | source proximal coordinates 49.145275, 8.221805 | source BP claim 5696 (3321-8989) | canonical BP interval [3321, 8989] | published analysis mean 5696.0 BP | source taxonomy Bos primigenius | population label ""Holocene Wild Germany"" | admitted only as explicit wild/progenitor context",supplementary_table_row,supplementary_proximal_site_coordinates,49.145275,8.221805,3321-8989 BP,,,unknown,false,wild_or_progenitor_context,This locality is backed by direct sample rows recovered from the supplementary table; chronology remains sample-owned when its records have different dates.,
PRJEB75467,Bos taurus,cattle,"Hjørring, Tofte Bæk",Denmark,10.1038/s41586-024-08112-6,https://doi.org/10.1038/s41586-024-08112-6,,data/adna/governance/source_library/papers/10.1038-s41586-024-08112-6/supplementary/41586_2024_8112_MOESM3_ESM.xlsx,supplementary_spreadsheet_row,Supplementary Data 1!A26:Y26,"workbook sample Hjo1 | specimen VHM500/1985, ZMK103/1989 | locality Hjørring, Tofte Bæk, Denmark | source proximal coordinates 57.2407065497517, 9.8686973853874 | source BP claim 8173-7976 | canonical BP interval [7976, 8173] | published analysis mean 8074.5 BP | normalized integer mean 8074 BP; source decimal precision retained in the published analysis mean | source taxonomy Bos primigenius | population label ""Holocene Wild Scandinavia"" | admitted only as explicit wild/progenitor context",supplementary_table_row,supplementary_proximal_site_coordinates,57.2407065497517,9.8686973853874,7976-8173 BP,,,unknown,false,wild_or_progenitor_context,This locality is backed by direct sample rows recovered from the supplementary table; chronology remains sample-owned when its records have different dates.,
PRJEB75467,Bos taurus,cattle,Lundby I,Denmark,10.1038/s41586-024-08112-6,https://doi.org/10.1038/s41586-024-08112-6,,data/adna/governance/source_library/papers/10.1038-s41586-024-08112-6/supplementary/41586_2024_8112_MOESM3_ESM.xlsx,supplementary_spreadsheet_row,Supplementary Data 1!A36:Y36 || Supplementary Data 1!A41:Y41,"workbook sample Zea1 | specimen 3/1930 Hovedfelt II, P269/2021PB | locality Lundby I, Denmark | source proximal coordinates 55.3584015935903, 11.3931303537925 | source BP claim 7302 (6754-7744) | canonical BP interval [6754, 7744] | published analysis mean 7302.0 BP | source taxonomy Bos primigenius | population label ""Holocene Wild Scandinavia"" | admitted only as explicit wild/progenitor context || workbook sample Zea2 | specimen 3/1930 Hovedfelt II, E6, P270/2021PB | locality Lundby I, Denmark | source proximal coordinates 55.3584015935903, 11.3931303537925 | source BP claim 7296 (6748-7744) | canonical BP interval [6748, 7744] | published analysis mean 7296.0 BP | source taxonomy Bos primigenius | population label ""Holocene Wild Scandinavia"" | admitted only as explicit wild/progenitor context",supplementary_table_row,supplementary_proximal_site_coordinates,55.3584015935903,11.3931303537925,,,,unknown,false,wild_or_progenitor_context,This locality is backed by direct sample rows recovered from the supplementary table; chronology remains sample-owned when its records have different dates.,
PRJEB75467,Bos taurus,cattle,Nevishög,Sweden,10.1038/s41586-024-08112-6,https://doi.org/10.1038/s41586-024-08112-6,,data/adna/governance/source_library/papers/10.1038-s41586-024-08112-6/supplementary/41586_2024_8112_MOESM3_ESM.xlsx,supplementary_spreadsheet_row,Supplementary Data 1!A34:Y34,"workbook sample Ska1 | specimen Lzzz/3362 L62 | locality Nevishög, Sweden | source proximal coordinates 55.6219, 13.2297 | source BP claim 9536-9133 | canonical BP interval [9133, 9536] | published analysis mean 9334.5 BP | normalized integer mean 9334 BP; source decimal precision retained in the published analysis mean | source taxonomy Bos primigenius | population label ""Holocene Wild Scandinavia"" | admitted only as explicit wild/progenitor context",supplementary_table_row,supplementary_proximal_site_coordinates,55.6219,13.2297,9133-9536 BP,,,unknown,false,wild_or_progenitor_context,This locality is backed by direct sample rows recovered from the supplementary table; chronology remains sample-owned when its records have different dates.,
PRJEB75467,Bos taurus,cattle,Novoil`inka-VI (Новоильинка-VI),Russia,10.1038/s41586-024-08112-6,https://doi.org/10.1038/s41586-024-08112-6,,data/adna/governance/source_library/papers/10.1038-s41586-024-08112-6/supplementary/41586_2024_8112_MOESM3_ESM.xlsx,supplementary_spreadsheet_row,Supplementary Data 1!A47:Y47 || Supplementary Data 1!A42:Y42,"workbook sample NVL1 | specimen 1a-001 7774 | locality Novoil`inka-VI (Новоильинка-VI), Russia | source proximal coordinates 51.669, 81.911 | source BP claim 5308-4990 | canonical BP interval [4990, 5308] | published analysis mean 5149 BP | source taxonomy Bos primigenius | population label ""Holocene Wild Central Asia"" | admitted only as explicit wild/progenitor context || workbook sample NVL3 | specimen 1a-003 7781 | locality Novoil`inka-VI (Новоильинка-VI), Russia | source proximal coordinates 51.669, 81.911 | source BP claim 5300-5041 | canonical BP interval [5041, 5300] | published analysis mean 5170.5 BP | normalized integer mean 5170 BP; source decimal precision retained in the published analysis mean | source taxonomy Bos primigenius | population label ""Holocene Wild Central Asia"" | admitted only as explicit wild/progenitor context",supplementary_table_row,supplementary_proximal_site_coordinates,51.669,81.911,,,,unknown,false,wild_or_progenitor_context,This locality is backed by direct sample rows recovered from the supplementary table; chronology remains sample-owned when its records have different dates.,
PRJEB75467,Bos taurus,cattle,"O Courel, Galicia",Spain,10.1038/s41586-024-08112-6,https://doi.org/10.1038/s41586-024-08112-6,,data/adna/governance/source_library/papers/10.1038-s41586-024-08112-6/supplementary/41586_2024_8112_MOESM3_ESM.xlsx,supplementary_spreadsheet_row,Supplementary Data 1!A4:Y4 || Supplementary Data 1!A30:Y30 || Supplementary Data 1!A12:Y12,"workbook sample Galicia1 | specimen CL34/CL69 | locality O Courel, Galicia, Spain | source proximal coordinates 43.0719383129431, -8.66097028062168 | source BP claim 9464-9035 | canonical BP interval [9035, 9464] | published analysis mean 9249.5 BP | normalized integer mean 9250 BP; source decimal precision retained in the published analysis mean | source taxonomy Bos primigenius | population label ""Holocene Wild Iberia"" | admitted only as explicit wild/progenitor context || workbook sample Galicia2 | specimen CL85 | locality O Courel, Galicia, Spain | source proximal coordinates 43.0719383129431, -8.66097028062168 | source BP claim 9407-9026 | canonical BP interval [9026, 9407] | published analysis mean 9216.5 BP | normalized integer mean 9216 BP; source decimal precision retained in the published analysis mean | source taxonomy Bos primigenius | population label ""Holocene Wild Iberia"" | admitted only as explicit wild/progenitor context || workbook sample Galicia3 | specimen CL68 | locality O Courel, Galicia, Spain | source proximal coordinates 43.0719383129431, -8.66097028062168 | source BP claim 9474-9039 | canonical BP interval [9039, 9474] | published analysis mean 9256.5 BP | normalized integer mean 9256 BP; source decimal precision retained in the published analysis mean | source taxonomy Bos primigenius | population label ""Holocene Wild Iberia"" | admitted only as explicit wild/progenitor context",supplementary_table_row,supplementary_proximal_site_coordinates,43.0719383129431,-8.66097028062168,,,,unknown,false,wild_or_progenitor_context,This locality is backed by direct sample rows recovered from the supplementary table; chronology remains sample-owned when its records have different dates.,
PRJEB75467,Bos taurus,cattle,Padova,Italy,10.1038/s41586-024-08112-6,https://doi.org/10.1038/s41586-024-08112-6,,data/adna/governance/source_library/papers/10.1038-s41586-024-08112-6/supplementary/41586_2024_8112_MOESM3_ESM.xlsx,supplementary_spreadsheet_row,Supplementary Data 1!A39:Y39,"workbook sample Padova1 | specimen MGP-PD 28495 | locality Padova, Italy | source proximal coordinates 45.406241207952, 11.8823169512564 | source BP claim 14216-13793 | canonical BP interval [13793, 14216] | published analysis mean 14004.5 BP | normalized integer mean 14004 BP; source decimal precision retained in the published analysis mean | source taxonomy Bos primigenius | population label ""Pleistocene Wild Italy"" | admitted only as explicit wild/progenitor context",supplementary_table_row,supplementary_proximal_site_coordinates,45.406241207952,11.8823169512564,13793-14216 BP,,,unknown,false,wild_or_progenitor_context,This locality is backed by direct sample rows recovered from the supplementary table; chronology remains sample-owned when its records have different dates.,
PRJEB75467,Bos taurus,cattle,"Palidoro, Latium",Italy,10.1038/s41586-024-08112-6,https://doi.org/10.1038/s41586-024-08112-6,,data/adna/governance/source_library/papers/10.1038-s41586-024-08112-6/supplementary/41586_2024_8112_MOESM3_ESM.xlsx,supplementary_spreadsheet_row,Supplementary Data 1!A13:Y13,"workbook sample Palidoro1 | specimen Palidoro | locality Palidoro, Latium, Italy | source proximal coordinates 41.9268766840193, 12.1784197861236 | source BP claim 18236-17798 | canonical BP interval [17798, 18236] | published analysis mean 18017 BP | source taxonomy Bos primigenius | population label ""Pleistocene Wild Italy"" | admitted only as explicit wild/progenitor context",supplementary_table_row,supplementary_proximal_site_coordinates,41.9268766840193,12.1784197861236,17798-18236 BP,,,unknown,false,wild_or_progenitor_context,This locality is backed by direct sample rows recovered from the supplementary table; chronology remains sample-owned when its records have different dates.,
PRJEB75467,Bos taurus,cattle,Roshchinskoe,Kazakhstan,10.1038/s41586-024-08112-6,https://doi.org/10.1038/s41586-024-08112-6,,data/adna/governance/source_library/papers/10.1038-s41586-024-08112-6/supplementary/41586_2024_8112_MOESM3_ESM.xlsx,supplementary_spreadsheet_row,Supplementary Data 1!A46:Y46 || Supplementary Data 1!A40:Y40,"workbook sample ROS001 | specimen ROS001 | locality Roshchinskoe, Kazakhstan | source proximal coordinates 54.1452769675404, 69.1937753660588 | source BP claim 5465-5298 | canonical BP interval [5298, 5465] | published analysis mean 5381.5 BP | normalized integer mean 5382 BP; source decimal precision retained in the published analysis mean | source taxonomy Bos primigenius | population label ""Holocene Wild Central Asia"" | admitted only as explicit wild/progenitor context || workbook sample ROS002 | specimen ROS002 | locality Roshchinskoe, Kazakhstan | source proximal coordinates 54.1452769675404, 69.1937753660588 | source BP claim 5465-5307 | canonical BP interval [5307, 5465] | published analysis mean 5386 BP | source taxonomy Bos primigenius | population label ""Holocene Wild Central Asia"" | admitted only as explicit wild/progenitor context",supplementary_table_row,supplementary_proximal_site_coordinates,54.1452769675404,69.1937753660588,,,,unknown,false,wild_or_progenitor_context,This locality is backed by direct sample rows recovered from the supplementary table; chronology remains sample-owned when its records have different dates.,
PRJEB75467,Bos taurus,cattle,Skåne,Sweden,10.1038/s41586-024-08112-6,https://doi.org/10.1038/s41586-024-08112-6,,data/adna/governance/source_library/papers/10.1038-s41586-024-08112-6/supplementary/41586_2024_8112_MOESM3_ESM.xlsx,supplementary_spreadsheet_row,Supplementary Data 1!A33:Y33,"workbook sample Ska3 | specimen Lzzz/3284 L84 | locality Skåne, Sweden | source proximal coordinates 55.8476269883224, 13.8093770947441 | source BP claim 9657-9434 | canonical BP interval [9434, 9657] | published analysis mean 9545.5 BP | normalized integer mean 9546 BP; source decimal precision retained in the published analysis mean | source taxonomy Bos primigenius | population label ""Holocene Wild Scandinavia"" | admitted only as explicit wild/progenitor context",supplementary_table_row,supplementary_proximal_site_coordinates,55.8476269883224,13.8093770947441,9434-9657 BP,,,unknown,false,wild_or_progenitor_context,This locality is backed by direct sample rows recovered from the supplementary table; chronology remains sample-owned when its records have different dates.,
PRJEB75467,Bos taurus,cattle,Trier-Brüderkrankenhaus,Germany,10.1038/s41586-024-08112-6,https://doi.org/10.1038/s41586-024-08112-6,,data/adna/governance/source_library/papers/10.1038-s41586-024-08112-6/supplementary/41586_2024_8112_MOESM3_ESM.xlsx,supplementary_spreadsheet_row,Supplementary Data 1!A17:Y17,"workbook sample Tri1 | source specimen ID unavailable | locality Trier-Brüderkrankenhaus, Germany | source proximal coordinates 49.75, 6.633333 | source BP claim 10217-9902 | canonical BP interval [9902, 10217] | published analysis mean 10059.5 BP | normalized integer mean 10060 BP; source decimal precision retained in the published analysis mean | source taxonomy Bos primigenius | population label ""Holocene Wild Germany"" | admitted only as explicit wild/progenitor context",supplementary_table_row,supplementary_proximal_site_coordinates,49.75,6.633333,9902-10217 BP,,,unknown,false,wild_or_progenitor_context,This locality is backed by direct sample rows recovered from the supplementary table; chronology remains sample-owned when its records have different dates.,
PRJEB75467,Bos taurus,cattle,Tula district,Russia,10.1038/s41586-024-08112-6,https://doi.org/10.1038/s41586-024-08112-6,,data/adna/governance/source_library/papers/10.1038-s41586-024-08112-6/supplementary/41586_2024_8112_MOESM3_ESM.xlsx,supplementary_spreadsheet_row,Supplementary Data 1!A10:Y10,"workbook sample Tula1 | specimen TYR1/11159 | locality Tula district, Russia | source proximal coordinates 54.1927677001745, 37.6054675840347 | source BP claim 42386-40672 | canonical BP interval [40672, 42386] | published analysis mean 41529 BP | source taxonomy Bos primigenius | population label ""Pre-LGM North Asia"" | admitted only as explicit wild/progenitor context",supplementary_table_row,supplementary_proximal_site_coordinates,54.1927677001745,37.6054675840347,40672-42386 BP,,,unknown,false,wild_or_progenitor_context,This locality is backed by direct sample rows recovered from the supplementary table; chronology remains sample-owned when its records have different dates.,
PRJEB75467,Bos taurus,cattle,Upper Rhine Valley,Germany,10.1038/s41586-024-08112-6,https://doi.org/10.1038/s41586-024-08112-6,,data/adna/governance/source_library/papers/10.1038-s41586-024-08112-6/supplementary/41586_2024_8112_MOESM3_ESM.xlsx,supplementary_spreadsheet_row,Supplementary Data 1!A24:Y24 || Supplementary Data 1!A18:Y18 || Supplementary Data 1!A11:Y11,"workbook sample Rhi1 | specimen Eich | locality Upper Rhine Valley, Germany | source proximal coordinates 51.6188100745602, 9.66938943552029 | source BP claim 51080 (45005-68764) | canonical BP interval [45005, 68764] | published analysis mean 51080.0 BP | source taxonomy Bos primigenius | population label ""Pre-LGM Europe"" | admitted only as explicit wild/progenitor context || workbook sample Rhi2 | specimen Biblis | locality Upper Rhine Valley, Germany | source proximal coordinates 51.6188100745602, 9.66938943552029 | source BP claim 46935-45238 | canonical BP interval [45238, 46935] | published analysis mean 46086.5 BP | normalized integer mean 46086 BP; source decimal precision retained in the published analysis mean | source taxonomy Bos primigenius | population label ""Pre-LGM Europe"" | admitted only as explicit wild/progenitor context || workbook sample Rhi3 | specimen Bensheim | locality Upper Rhine Valley, Germany | source proximal coordinates 51.6188100745602, 9.66938943552029 | source BP claim 12390 (10048-14942) | canonical BP interval [10048, 14942] | published analysis mean 12390.0 BP | source taxonomy Bos primigenius | population label ""Pleistocene Wild Germany"" | admitted only as explicit wild/progenitor context",supplementary_table_row,supplementary_proximal_site_coordinates,51.6188100745602,9.66938943552029,,,,unknown,false,wild_or_progenitor_context,This locality is backed by direct sample rows recovered from the supplementary table; chronology remains sample-owned when its records have different dates.,
PRJEB75467,Bos taurus,cattle,Uralsk,Kazakhstan,10.1038/s41586-024-08112-6,https://doi.org/10.1038/s41586-024-08112-6,,data/adna/governance/source_library/papers/10.1038-s41586-024-08112-6/supplementary/41586_2024_8112_MOESM3_ESM.xlsx,supplementary_spreadsheet_row,Supplementary Data 1!A43:Y43,"workbook sample Uralsk1 | specimen 504/101 | locality Uralsk, Kazakhstan | source proximal coordinates 51.2309114639256, 51.3777185929244 | source chronology unavailable: workbook date fields are empty | source taxonomy Bos primigenius | population label ""Holocene Wild Pontic-Caspian Steppe"" | admitted only as explicit wild/progenitor context",supplementary_table_row,supplementary_proximal_site_coordinates,51.2309114639256,51.3777185929244,,,,unknown,false,wild_or_progenitor_context,This locality is backed by direct sample rows recovered from the supplementary table; chronology remains sample-owned when its records have different dates.,
PRJEB75467,Bos taurus,cattle,Varfolomeevka,Russia,10.1038/s41586-024-08112-6,https://doi.org/10.1038/s41586-024-08112-6,,data/adna/governance/source_library/papers/10.1038-s41586-024-08112-6/supplementary/41586_2024_8112_MOESM3_ESM.xlsx,supplementary_spreadsheet_row,Supplementary Data 1!A9:Y9 || Supplementary Data 1!A7:Y7,"workbook sample Var1 | specimen 2494/2600 | locality Varfolomeevka, Russia | source proximal coordinates 51.6301587756887, 49.6658507598358 | source BP claim 7567-7426 | canonical BP interval [7426, 7567] | published analysis mean 7496.5 BP | normalized integer mean 7496 BP; source decimal precision retained in the published analysis mean | source taxonomy Bos primigenius | population label ""Holocene Wild Pontic-Caspian Steppe"" | admitted only as explicit wild/progenitor context || workbook sample Var2 | specimen 2494/2820 | locality Varfolomeevka, Russia | source proximal coordinates 51.6301587756887, 49.6658507598358 | source BP claim 7412-7164 | canonical BP interval [7164, 7412] | published analysis mean 7288 BP | source taxonomy Bos primigenius | population label ""Holocene Wild Pontic-Caspian Steppe"" | admitted only as explicit wild/progenitor context",supplementary_table_row,supplementary_proximal_site_coordinates,51.6301587756887,49.6658507598358,,,,unknown,false,wild_or_progenitor_context,This locality is backed by direct sample rows recovered from the supplementary table; chronology remains sample-owned when its records have different dates.,
PRJEB75467,Bos taurus,cattle,Vratsa,Bulgaria,10.1038/s41586-024-08112-6,https://doi.org/10.1038/s41586-024-08112-6,,data/adna/governance/source_library/papers/10.1038-s41586-024-08112-6/supplementary/41586_2024_8112_MOESM3_ESM.xlsx,supplementary_spreadsheet_row,Supplementary Data 1!A6:Y6 || Supplementary Data 1!A25:Y25,"workbook sample Vratsa1 | specimen Sivushka | locality Vratsa, Bulgaria | source proximal coordinates 42.9726491502666, 24.118494664326 | source BP claim 6184-5932 | canonical BP interval [5932, 6184] | published analysis mean 6058 BP | source taxonomy Bos primigenius | population label ""Holocene Wild Balkans"" | admitted only as explicit wild/progenitor context || workbook sample Vratsa2 | specimen Belcho | locality Vratsa, Bulgaria | source proximal coordinates 42.9726491502666, 24.118494664326 | source BP claim 6130 (6007-6244) | canonical BP interval [6007, 6244] | published analysis mean 6130.0 BP | source taxonomy Bos primigenius | population label ""Holocene Wild Balkans"" | admitted only as explicit wild/progenitor context",supplementary_table_row,supplementary_proximal_site_coordinates,42.9726491502666,24.118494664326,,,,unknown,false,wild_or_progenitor_context,This locality is backed by direct sample rows recovered from the supplementary table; chronology remains sample-owned when its records have different dates.,
PRJEB75467,Bos taurus,cattle,Yorkshire,Britain,10.1038/s41586-024-08112-6,https://doi.org/10.1038/s41586-024-08112-6,,data/adna/governance/source_library/papers/10.1038-s41586-024-08112-6/supplementary/41586_2024_8112_MOESM3_ESM.xlsx,supplementary_spreadsheet_row,Supplementary Data 1!A8:Y8,"workbook sample YoA | specimen AM112 | locality Yorkshire, Britain | source proximal coordinates 54.1101, -2.2914 | source BP claim 4835-4584 | canonical BP interval [4584, 4835] | published analysis mean 4709.5 BP | normalized integer mean 4710 BP; source decimal precision retained in the published analysis mean | source taxonomy Bos primigenius | population label ""Holocene Wild Britain"" | admitted only as explicit wild/progenitor context",supplementary_table_row,supplementary_proximal_site_coordinates,54.1101,-2.2914,4584-4835 BP,,,unknown,false,wild_or_progenitor_context,This locality is backed by direct sample rows recovered from the supplementary table; chronology remains sample-owned when its records have different dates.,
PRJNA705960,Bos taurus,cattle,Galician mountain cave cattle context,"Galicia, Spain",,,,adna/governance/source_library/projects/PRJNA705960/archive_metadata.html,archive_metadata_description,source description snapshot,"We sampled 18 cattle subfossils from different ages and different mountain caves in Galicia, of which 11 were subject to sequencing of the mitochondrial genome and phylogenetic analysis.",archive_description_quote,unresolved_location_state,,,Different ages across different Galician mountain caves,,,unknown,false,domesticated_core_with_progenitor_boundary,The current shipped cattle lead is archive-backed rather than paper-linked; it must stay separate from wild-progenitor or aurochs context until stronger paper pinning is archived locally.,"No local primary paper is pinned for this project yet, so the site assignment is currently justified by the captured project description rather than a paper body or supplement."
