project_accession,species_latin_name,source_surface,source_claim_scope,supporting_sample_count,original_locality_text,resolved_locality_text,locality_class,site_name,municipality_name,region_name,country_name,broader_geography,geocoding_safe_token,source_artifact_path,source_artifact_kind,source_locator,source_excerpt
KU605068-KU605080,Camelus dromedarius,supplementary_table,sample_owned_locality,1,Austria,Austria,excavation_site,Austria,,,Austria,,austria,adna/governance/source_library/papers/10.1111-1755-0998.12551/article.html,article_or_archive_text,Materials and methods; Data accessibility,The article identifies KU605076 as a modern comparator from Austria.
KU605068-KU605080,Camelus dromedarius,supplementary_table,sample_owned_locality,1,Dubai,Dubai,excavation_site,Dubai,,,United Arab Emirates,,dubai,adna/governance/source_library/papers/10.1111-1755-0998.12551/article.html,article_or_archive_text,Materials and methods; Data accessibility,"The article identifies KU605077 as a modern comparator from Dubai, United Arab Emirates."
KU605068-KU605080,Camelus dromedarius,supplementary_table,sample_owned_locality,1,Kenya,Kenya,excavation_site,Kenya,,,Kenya,,kenya,adna/governance/source_library/papers/10.1111-1755-0998.12551/article.html,article_or_archive_text,Materials and methods; Data accessibility,The article identifies KU605078 as a modern comparator from Kenya.
KU605068-KU605080,Camelus dromedarius,supplementary_table,sample_owned_locality,1,Pakistan,Pakistan,excavation_site,Pakistan,,,Pakistan,,pakistan,adna/governance/source_library/papers/10.1111-1755-0998.12551/article.html,article_or_archive_text,Materials and methods; Data accessibility,The article identifies KU605080 as a modern comparator from Pakistan.
KU605068-KU605080,Camelus dromedarius,supplementary_table,sample_owned_locality,3,Palmyra,Palmyra,excavation_site,Palmyra,,,Syria,,palmyra,adna/governance/source_library/papers/10.1111-1755-0998.12551/article.html,article_or_archive_text,Materials and methods; Data accessibility,"KU605068 maps to Palm152 from Palmyra, dated by the article to 100 BCE-300 CE."
KU605068-KU605080,Camelus dromedarius,supplementary_table,sample_owned_locality,1,Qatar-Jordan border,Qatar-Jordan border,excavation_site,Qatar-Jordan border,,,Qatar and Jordan,,qatarjordanborder,adna/governance/source_library/papers/10.1111-1755-0998.12551/article.html,article_or_archive_text,Materials and methods; Data accessibility,The article identifies KU605072 as a modern comparator from the Qatar-Jordan border.
KU605068-KU605080,Camelus dromedarius,supplementary_table,sample_owned_locality,1,Sagalassos,Sagalassos,excavation_site,Sagalassos,,,Turkey,,sagalassos,adna/governance/source_library/papers/10.1111-1755-0998.12551/article.html,article_or_archive_text,Materials and methods; Data accessibility,"KU605071 maps to SAG2 from Sagalassos, dated by the article to 450-700 CE."
KU605068-KU605080,Camelus dromedarius,supplementary_table,sample_owned_locality,3,Saudi Arabia,Saudi Arabia,excavation_site,Saudi Arabia,,,Saudi Arabia,,saudiarabia,adna/governance/source_library/papers/10.1111-1755-0998.12551/article.html,article_or_archive_text,Materials and methods; Data accessibility,The article identifies KU605073 as a modern comparator from Saudi Arabia.
KU605068-KU605080,Camelus dromedarius,supplementary_table,sample_owned_locality,1,Sudan,Sudan,excavation_site,Sudan,,,Sudan,,sudan,adna/governance/source_library/papers/10.1111-1755-0998.12551/article.html,article_or_archive_text,Materials and methods; Data accessibility,The article identifies KU605079 as a modern comparator from Sudan.
