lake_name,lake_label,lake_token,name_key,latitude,longitude,google_maps_url,aggregate_rank,aggregate_score,scenario_top20_presence_count,scenario_top20_labels,scenario_best_rank,scenario_worst_rank,scenario_mean_rank,representative_source_record,representative_source_layer_key,representative_source_name,representative_source_url,coordinate_resolution_method,duplicate_name_count,coordinate_spread_km,ambiguity_flags,ambiguity_note,lake_registry_id,lake_registry_uuid,lake_water_identity,lake_name_status,lake_area_km2,lake_sampling_posture,lake_sampling_fit,lake_sampling_notes,pollen_sources,supporting_pollen_names,supporting_source_records,supporting_source_points,direct_pollen_source_count,direct_pollen_record_count,time_aware_direct_pollen_records,direct_pollen_signal
Bjäresjösjön,"Bjäresjösjön (55.459167, 13.751944)",sweden_lake:bjaresjosjon:55.459167:13.751944,bjaresjosjon,55.459167,13.751944,"https://www.google.com/maps/search/?api=1&query=55.459167,13.751944",1,0.4875,7,aggregate; fieldwork shortlist; 10 km; 20 km; 30 km; 40 km; 50 km,1,4,2.29,landclim-sites:897303:Bjäresjösjön:55.459167:13.751944,landclim-sites,Bjäresjösjön,https://doi.org/10.1594/PANGAEA.897303,source_coordinate_medoid,1,1.027,source_coordinate_spread,Source coordinates span 1.03 km inside this candidate.,,,,,,,0.0,,landclim-sites; neotoma-pollen,Bjäresjösjön,landclim-sites:897303:Bjäresjösjön:55.459167:13.751944; landclim-sites:900966:GC18:Bjäresjösjön; landclim-sites:937075:BJARE; neotoma-pollen:28871,"Bjäresjösjön (landclim-sites; 55.459167, 13.751944); Bjäresjösjön (landclim-sites; 55.459167, 13.751944); Bjäresjösjön (landclim-sites; 55.450000, 13.750000); Bjäresjösjön (neotoma-pollen; 55.459170, 13.751940)",2,4,4,1.0
Bjärsjöholmssjön,"Bjärsjöholmssjön (55.454444, 13.766389)",sweden_lake:bjarsjoholmssjon:55.454444:13.766389,bjarsjoholmssjon,55.454444,13.766389,"https://www.google.com/maps/search/?api=1&query=55.454444,13.766389",2,0.4864,7,aggregate; fieldwork shortlist; 10 km; 20 km; 30 km; 40 km; 50 km,2,6,3.43,landclim-sites:897303:Bjärsjöholmssjön:55.454444:13.766389,landclim-sites,Bjärsjöholmssjön,https://doi.org/10.1594/PANGAEA.897303,source_coordinate_medoid,1,1.1772,source_coordinate_spread,Source coordinates span 1.18 km inside this candidate.,,,,,,,0.0,,landclim-sites; neotoma-pollen,Bjärsjöholmssjön,landclim-sites:897303:Bjärsjöholmssjön:55.454444:13.766389; landclim-sites:900966:GC18:Bjärsjöholmssjön; landclim-sites:937075:BJARS; neotoma-pollen:3017,"Bjärsjöholmssjön (landclim-sites; 55.454444, 13.766389); Bjärsjöholmssjön (landclim-sites; 55.454444, 13.766389); Bjärsjöholmssjön (landclim-sites; 55.450000, 13.783333); Bjärsjöholmssjön (neotoma-pollen; 55.453960, 13.780255)",2,4,4,1.0
Krageholmssjön,Krageholmssjön,sweden_lake:krageholmssjon:55.5:13.733333,krageholmssjon,55.5,13.733333,"https://www.google.com/maps/search/?api=1&query=55.500000,13.733333",3,0.477,7,aggregate; fieldwork shortlist; 10 km; 20 km; 30 km; 40 km; 50 km,2,6,3.86,landclim-sites:897303:Krageholmssjön:55.500000:13.733333,landclim-sites,Krageholmssjön,https://doi.org/10.1594/PANGAEA.897303,source_coordinate_medoid,1,0.7349,,,,,,,,,0.0,,landclim-sites; neotoma-pollen,Krageholmssjön,landclim-sites:897303:Krageholmssjön:55.500000:13.733333; landclim-sites:900966:GC18:Krageholmssjön; landclim-sites:937075:KRA; neotoma-pollen:3204,"Krageholmssjön (landclim-sites; 55.500000, 13.733333); Krageholmssjön (landclim-sites; 55.500000, 13.733333); Krageholmssjön (landclim-sites; 55.500000, 13.733333); Krageholmssjön (neotoma-pollen; 55.500780, 13.744920)",2,4,4,1.0
Bussjösjön,Bussjösjön,sweden_lake:bussjosjon:55.466667:13.816667,bussjosjon,55.466667,13.816667,"https://www.google.com/maps/search/?api=1&query=55.466667,13.816667",4,0.4731,7,aggregate; fieldwork shortlist; 10 km; 20 km; 30 km; 40 km; 50 km,3,7,4.71,landclim-sites:897303:Bussjösjön:55.466667:13.816667,landclim-sites,Bussjösjön,https://doi.org/10.1594/PANGAEA.897303,source_coordinate_medoid,1,0.0004,,,,,,,,,0.0,,landclim-sites; neotoma-pollen,Bussjösjön,landclim-sites:897303:Bussjösjön:55.466667:13.816667; landclim-sites:900966:GC18:Bussjösjön; landclim-sites:937075:BUS; neotoma-pollen:28869,"Bussjösjön (landclim-sites; 55.466667, 13.816667); Bussjösjön (landclim-sites; 55.466667, 13.816667); Bussjösjön (landclim-sites; 55.466667, 13.816667); Bussjösjön (neotoma-pollen; 55.466670, 13.816670)",2,4,4,1.0
Bökesjön,Bökesjön,sweden_lake:bokesjon:55.575556:13.4375,bokesjon,55.575556,13.4375,"https://www.google.com/maps/search/?api=1&query=55.575556,13.437500",5,0.4467,7,aggregate; fieldwork shortlist; 10 km; 20 km; 30 km; 40 km; 50 km,1,13,5.29,landclim-sites:897303:Bökesjön:55.575556:13.437500,landclim-sites,Bökesjön,https://doi.org/10.1594/PANGAEA.897303,source_coordinate_medoid,1,0.0005,,,,,,,,,0.0,,landclim-sites; neotoma-pollen,Bökesjön,landclim-sites:897303:Bökesjön:55.575556:13.437500; landclim-sites:900966:GC18:Bökesjön; landclim-sites:937075:BOKE; neotoma-pollen:28872,"Bökesjön (landclim-sites; 55.575556, 13.437500); Bökesjön (landclim-sites; 55.575556, 13.437500); Bökesjön (landclim-sites; 55.575556, 13.437500); Bökesjön (neotoma-pollen; 55.575560, 13.437500)",2,4,4,1.0
Bjärsjon,Bjärsjon,sweden_lake:bjarsjon:58.33456:13.656065,bjarsjon,58.33456,13.656065,"https://www.google.com/maps/search/?api=1&query=58.334560,13.656065",6,0.424,7,aggregate; fieldwork shortlist; 10 km; 20 km; 30 km; 40 km; 50 km,1,10,5.43,neotoma-pollen:3018,neotoma-pollen,Bjärsjon,https://apps.neotomadb.org/explorer/#/record/site/3018,shared_source_coordinate,1,0.0,,,,,,,,,0.0,,neotoma-pollen,Bjärsjon,neotoma-pollen:3018,"Bjärsjon (neotoma-pollen; 58.334560, 13.656065)",1,1,0,0.4375
Sigvalde Träsk,Sigvalde Träsk,sweden_lake:sigvaldetrask:57.34248:18.52596,sigvaldetrask,57.34248,18.52596,"https://www.google.com/maps/search/?api=1&query=57.342480,18.525960",7,0.3396,7,aggregate; fieldwork shortlist; 10 km; 20 km; 30 km; 40 km; 50 km,2,16,8.71,neotoma-pollen:3411,neotoma-pollen,Sigvalde Träsk,https://apps.neotomadb.org/explorer/#/record/site/3411,shared_source_coordinate,1,0.0,,,,,,,,,0.0,,neotoma-pollen,Sigvalde Träsk,neotoma-pollen:3411,"Sigvalde Träsk (neotoma-pollen; 57.342480, 18.525960)",1,1,0,0.4375
Åsbotorpsjön,Åsbotorpsjön,sweden_lake:asbotorpsjon:58.40981:13.81996,asbotorpsjon,58.40981,13.81996,"https://www.google.com/maps/search/?api=1&query=58.409810,13.819960",8,0.3387,6,aggregate; fieldwork shortlist; 20 km; 30 km; 40 km; 50 km,2,59,14.57,neotoma-pollen:2986,neotoma-pollen,Åsbotorpsjön,https://apps.neotomadb.org/explorer/#/record/site/2986,shared_source_coordinate,1,0.0,,,,,,,,,0.0,,neotoma-pollen,Åsbotorpsjön,neotoma-pollen:2986,"Åsbotorpsjön (neotoma-pollen; 58.409810, 13.819960)",1,1,1,0.6375
Avegöl,Avegöl,sweden_lake:avegol:57.683333:14.5,avegol,57.683333,14.5,"https://www.google.com/maps/search/?api=1&query=57.683333,14.500000",9,0.3261,6,aggregate; 10 km; 20 km; 30 km; 40 km; 50 km,8,17,11.67,landclim-sites:897303:Avegöl:57.683333:14.500000,landclim-sites,Avegöl,https://doi.org/10.1594/PANGAEA.897303,source_coordinate_medoid,1,0.7007,,,,,,,,,0.0,,landclim-sites; neotoma-pollen,Avegöl,landclim-sites:897303:Avegöl:57.683333:14.500000; landclim-sites:900966:GC21:Avegöl; landclim-sites:937075:AVEG; neotoma-pollen:28887,"Avegöl (landclim-sites; 57.683333, 14.500000); Avegöl (landclim-sites; 57.683333, 14.500000); Avegöl (landclim-sites; 57.683333, 14.500000); Avegöl (neotoma-pollen; 57.688890, 14.494440)",2,4,4,1.0
Flarken,"Flarken (58.556790, 13.673190)",sweden_lake:flarken:58.55679:13.67319,flarken,58.55679,13.67319,"https://www.google.com/maps/search/?api=1&query=58.556790,13.673190",10,0.3216,5,aggregate; fieldwork shortlist; 20 km; 30 km; 50 km,7,50,17.14,neotoma-pollen:3107,neotoma-pollen,Flarken,https://apps.neotomadb.org/explorer/#/record/site/3107,shared_source_coordinate,2,0.0,duplicate_sweden_name,2 Sweden candidates share this cleaned lake name.,,,,,,,0.0,,neotoma-pollen,Flarken,neotoma-pollen:3107,"Flarken (neotoma-pollen; 58.556790, 13.673190)",1,1,1,0.6375
Flinkasjön,Flinkasjön,sweden_lake:flinkasjon:56.25:13.25,flinkasjon,56.25,13.25,"https://www.google.com/maps/search/?api=1&query=56.250000,13.250000",11,0.3185,6,aggregate; 10 km; 20 km; 30 km; 40 km; 50 km,10,17,12.67,landclim-sites:897303:Flinkasjön:56.250000:13.250000,landclim-sites,Flinkasjön,https://doi.org/10.1594/PANGAEA.897303,source_coordinate_medoid,1,0.643,,,,,,,,,0.0,,landclim-sites; neotoma-pollen,Flinkasjön,landclim-sites:897303:Flinkasjön:56.250000:13.250000; landclim-sites:937075:FLINK; neotoma-pollen:28889,"Flinkasjön (landclim-sites; 56.250000, 13.250000); Flinkasjön (landclim-sites; 56.250000, 13.250000); Flinkasjön (neotoma-pollen; 56.254440, 13.243330)",2,3,3,0.9375
Värsjö Utmark,Värsjö Utmark,sweden_lake:varsjoutmark:56.316667:13.433333,varsjoutmark,56.316667,13.433333,"https://www.google.com/maps/search/?api=1&query=56.316667,13.433333",12,0.3157,6,aggregate; 10 km; 20 km; 30 km; 40 km; 50 km,7,19,13.5,landclim-sites:937075:VUTM,landclim-sites,Värsjö Utmark,https://doi.org/10.1594/PANGAEA.937075,source_coordinate_medoid,1,0.0004,,,,,,,,,0.0,,landclim-sites; neotoma-pollen,Värsjö Utmark,landclim-sites:897303:Värsjö Utmark:56.316667:13.433333; landclim-sites:937075:VUTM; neotoma-pollen:28888,"Värsjö Utmark (landclim-sites; 56.316667, 13.433333); Värsjö Utmark (landclim-sites; 56.316667, 13.433333); Värsjö Utmark (neotoma-pollen; 56.316670, 13.433330)",2,3,3,0.9375
Trummen,Trummen,sweden_lake:trummen:56.866667:14.833333,trummen,56.866667,14.833333,"https://www.google.com/maps/search/?api=1&query=56.866667,14.833333",13,0.3129,5,aggregate; 20 km; 30 km; 40 km; 50 km,10,25,15.17,landclim-sites:897303:Lake Trummen:56.866667:14.833333,landclim-sites,Trummen,https://doi.org/10.1594/PANGAEA.897303,source_coordinate_medoid,1,0.469,,,,,,,,,0.0,,landclim-sites; neotoma-pollen,Trummen,landclim-sites:897303:Lake Trummen:56.866667:14.833333; landclim-sites:900966:GC20:Lake Trummen; landclim-sites:937075:TRU; neotoma-pollen:3477,"Trummen (landclim-sites; 56.866667, 14.833333); Trummen (landclim-sites; 56.866667, 14.833333); Trummen (landclim-sites; 56.866667, 14.833333); Trummen (neotoma-pollen; 56.863000, 14.829520)",2,4,3,0.95
Kansjön,"Kansjön (57.633333, 14.533333)",sweden_lake:kansjon:57.633333:14.533333,kansjon,57.633333,14.533333,"https://www.google.com/maps/search/?api=1&query=57.633333,14.533333",14,0.3109,6,aggregate; 10 km; 20 km; 30 km; 40 km; 50 km,11,20,15.83,landclim-sites:897303:Kansjon:57.633333:14.533333,landclim-sites,Kansjon,https://doi.org/10.1594/PANGAEA.897303,source_coordinate_medoid,1,0.8059,source_coordinate_spread; source_name_variants,Source coordinates span 0.81 km inside this candidate. Source records use more than one lake name form for this candidate.,,,,,,,0.0,,landclim-sites; neotoma-pollen,Kansjon; Kansjön,landclim-sites:897303:Kansjon:57.633333:14.533333; landclim-sites:900966:GC21:Kansjon; landclim-sites:937075:KAN; neotoma-pollen:1401,"Kansjon (landclim-sites; 57.633333, 14.533333); Kansjon (landclim-sites; 57.633333, 14.533333); Kansjon (landclim-sites; 57.633333, 14.533333); Kansjön (neotoma-pollen; 57.640550, 14.534580)",2,4,3,0.95
Holtjärnen,Holtjärnen,sweden_lake:holtjarnen:60.65:14.916667,holtjarnen,60.65,14.916667,"https://www.google.com/maps/search/?api=1&query=60.650000,14.916667",15,0.3072,4,aggregate; 10 km; 20 km; 40 km,8,21,16.33,landclim-sites:897303:Holtjärnen:60.650000:14.916667,landclim-sites,Holtjärnen,https://doi.org/10.1594/PANGAEA.897303,source_coordinate_medoid,1,0.5766,,,,,,,,,0.0,,landclim-sites; neotoma-pollen,Holtjärnen,landclim-sites:897303:Holtjärnen:60.650000:14.916667; landclim-sites:900966:GC27:Holtjärnen; landclim-sites:937075:HOL; neotoma-pollen:14040,"Holtjärnen (landclim-sites; 60.650000, 14.916667); Holtjärnen (landclim-sites; 60.650000, 14.916667); Holtjärnen (landclim-sites; 60.650000, 14.916667); Holtjärnen (neotoma-pollen; 60.651890, 14.926520)",2,4,4,1.0
Flarken,"Flarken (58.583333, 13.666667)",sweden_lake:flarken:58.583333:13.666667,flarken,58.583333,13.666667,"https://www.google.com/maps/search/?api=1&query=58.583333,13.666667",16,0.306,5,aggregate; fieldwork shortlist; 30 km; 40 km; 50 km,8,42,19.14,landclim-sites:897303:Lake Flarken:58.583333:13.666667,landclim-sites,Flarken,https://doi.org/10.1594/PANGAEA.897303,shared_source_coordinate,2,0.0,duplicate_sweden_name,2 Sweden candidates share this cleaned lake name.,,,,,,,0.0,,landclim-sites,Flarken,landclim-sites:897303:Lake Flarken:58.583333:13.666667; landclim-sites:937075:FLA,"Flarken (landclim-sites; 58.583333, 13.666667); Flarken (landclim-sites; 58.583333, 13.666667)",1,2,2,0.7
Storasjö,"Storasjö (56.933333, 15.266667)",sweden_lake:storasjo:56.933333:15.266667,storasjo,56.933333,15.266667,"https://www.google.com/maps/search/?api=1&query=56.933333,15.266667",17,0.3035,4,aggregate; 10 km; 20 km; 30 km,12,23,17.83,landclim-sites:897303:Storasjö:56.933333:15.266667,landclim-sites,Storasjö,https://doi.org/10.1594/PANGAEA.897303,source_coordinate_medoid,2,0.0004,duplicate_sweden_name,2 Sweden candidates share this cleaned lake name.,,,,,,,0.0,,landclim-sites; neotoma-pollen,Storasjö,landclim-sites:897303:Storasjö:56.933333:15.266667; neotoma-pollen:28874,"Storasjö (landclim-sites; 56.933333, 15.266667); Storasjö (neotoma-pollen; 56.933330, 15.266670)",2,2,2,0.875
Färskesjön,"Färskesjön (56.166667, 15.866667)",sweden_lake:farskesjon:56.166667:15.866667,farskesjon,56.166667,15.866667,"https://www.google.com/maps/search/?api=1&query=56.166667,15.866667",18,0.3012,4,aggregate; fieldwork shortlist; 10 km; 20 km,6,25,18.14,landclim-sites:937075:FARSK,landclim-sites,Färskesjön,https://doi.org/10.1594/PANGAEA.937075,source_coordinate_medoid,1,0.9273,source_coordinate_spread,Source coordinates span 0.93 km inside this candidate.,,,,,,,0.0,,landclim-sites; neotoma-pollen,Färskesjön,landclim-sites:937075:FARSK; neotoma-pollen:3102,"Färskesjön (landclim-sites; 56.166667, 15.866667); Färskesjön (neotoma-pollen; 56.159070, 15.860490)",2,2,2,0.875
Sambösjön,"Sambösjön (57.133333, 12.416667)",sweden_lake:sambosjon:57.133333:12.416667,sambosjon,57.133333,12.416667,"https://www.google.com/maps/search/?api=1&query=57.133333,12.416667",19,0.2987,4,aggregate; 10 km; 20 km; 30 km,10,36,21,landclim-sites:897303:Lake Sambösjön:57.133333:12.416667,landclim-sites,Sambösjön,https://doi.org/10.1594/PANGAEA.897303,shared_source_coordinate,2,0.0,duplicate_sweden_name,2 Sweden candidates share this cleaned lake name.,,,,,,,0.0,,landclim-sites,Sambösjön,landclim-sites:897303:Lake Sambösjön:57.133333:12.416667; landclim-sites:937075:SAM,"Sambösjön (landclim-sites; 57.133333, 12.416667); Sambösjön (landclim-sites; 57.133333, 12.416667)",1,2,2,0.7
Lillsjön,"Lillsjön (57.083330, 12.533330)",sweden_lake:lillsjon:57.08333:12.53333,lillsjon,57.08333,12.53333,"https://www.google.com/maps/search/?api=1&query=57.083330,12.533330",20,0.2944,4,aggregate; 10 km; 20 km; 30 km,11,42,22.5,neotoma-pollen:3238,neotoma-pollen,Lillsjön,https://apps.neotomadb.org/explorer/#/record/site/3238,shared_source_coordinate,2,0.0,duplicate_sweden_name,2 Sweden candidates share this cleaned lake name.,,,,,,,0.0,,neotoma-pollen,Lillsjön,neotoma-pollen:3238,"Lillsjön (neotoma-pollen; 57.083330, 12.533330)",1,1,1,0.6375
Åbodasjön,Åbodasjön,sweden_lake:abodasjon:57.085556:14.478611,abodasjon,57.085556,14.478611,"https://www.google.com/maps/search/?api=1&query=57.085556,14.478611",21,0.2853,2,fieldwork shortlist; 40 km,15,32,22.14,landclim-sites:897303:Åbodasjön:57.085556:14.478611,landclim-sites,Åbodasjön,https://doi.org/10.1594/PANGAEA.897303,source_coordinate_medoid,1,0.0073,,,,,,,,,0.0,,landclim-sites,Åbodasjön,landclim-sites:897303:Åbodasjön:57.085556:14.478611; landclim-sites:900966:GC21:Åbodasjön; landclim-sites:937075:Åbodasjön,"Åbodasjön (landclim-sites; 57.085556, 14.478611); Åbodasjön (landclim-sites; 57.085556, 14.478611); Åbodasjön (landclim-sites; 57.085600, 14.478700)",1,3,3,0.7625
Sämbosjön,"Sämbosjön (57.163130, 12.414260)",sweden_lake:sambosjon:57.16313:12.41426,sambosjon,57.16313,12.41426,"https://www.google.com/maps/search/?api=1&query=57.163130,12.414260",22,0.2822,2,10 km; 20 km,19,49,27.5,neotoma-pollen:3398,neotoma-pollen,Sämbosjön,https://apps.neotomadb.org/explorer/#/record/site/3398,shared_source_coordinate,2,0.0,duplicate_sweden_name,2 Sweden candidates share this cleaned lake name.,,,,,,,0.0,,neotoma-pollen,Sämbosjön,neotoma-pollen:3398,"Sämbosjön (neotoma-pollen; 57.163130, 12.414260)",1,1,1,0.6375
Ljungsjön,Ljungsjön,sweden_lake:ljungsjon:57.73429:13.33269,ljungsjon,57.73429,13.33269,"https://www.google.com/maps/search/?api=1&query=57.734290,13.332690",23,0.2812,3,fieldwork shortlist; 10 km; 50 km,3,42,22.57,neotoma-pollen:3240,neotoma-pollen,Ljungsjön,https://apps.neotomadb.org/explorer/#/record/site/3240,shared_source_coordinate,1,0.0,,,,,,,,,0.0,,neotoma-pollen,Ljungsjön,neotoma-pollen:3240,"Ljungsjön (neotoma-pollen; 57.734290, 13.332690)",1,1,1,0.6375
Skärsgölarna,Skärsgölarna,sweden_lake:skarsgolarna:57.016667:16.116667,skarsgolarna,57.016667,16.116667,"https://www.google.com/maps/search/?api=1&query=57.016667,16.116667",24,0.2807,3,fieldwork shortlist; 40 km; 50 km,17,47,24.43,landclim-sites:897303:Skärsgölarna:57.016667:16.116667,landclim-sites,Skärsgölarna,https://doi.org/10.1594/PANGAEA.897303,shared_source_coordinate,1,0.0,,,,,,,,,0.0,,landclim-sites,Skärsgölarna,landclim-sites:897303:Skärsgölarna:57.016667:16.116667; landclim-sites:937075:SKAR,"Skärsgölarna (landclim-sites; 57.016667, 16.116667); Skärsgölarna (landclim-sites; 57.016667, 16.116667)",1,2,2,0.7
Storasjö,"Storasjö (56.916667, 15.283333)",sweden_lake:storasjo:56.916667:15.283333,storasjo,56.916667,15.283333,"https://www.google.com/maps/search/?api=1&query=56.916667,15.283333",25,0.2793,1,30 km,20,33,26.33,landclim-sites:937075:STOR,landclim-sites,Storasjö,https://doi.org/10.1594/PANGAEA.937075,shared_source_coordinate,2,0.0,duplicate_sweden_name,2 Sweden candidates share this cleaned lake name.,,,,,,,0.0,,landclim-sites,Storasjö,landclim-sites:897303:Storasjö:56.916667:15.283333; landclim-sites:937075:STOR; landclim-sites:937075:STORA,"Storasjö (landclim-sites; 56.916667, 15.283333); Storasjö (landclim-sites; 56.916667, 15.283333); Storasjö (landclim-sites; 56.916667, 15.283333)",1,3,3,0.7625
Vuolep Njakajaure,"Vuolep Njakajaure (68.333333, 18.750000)",sweden_lake:vuolepnjakajaure:68.333333:18.75,vuolepnjakajaure,68.333333,18.75,"https://www.google.com/maps/search/?api=1&query=68.333333,18.750000",26,0.278,1,10 km,12,61,33.33,landclim-sites:897303:Lake Vuolep Njakajaure:68.333333:18.750000,landclim-sites,Vuolep Njakajaure,https://doi.org/10.1594/PANGAEA.897303,source_coordinate_medoid,1,1.5598,source_coordinate_spread,Source coordinates span 1.56 km inside this candidate.,,,,,,,0.0,,landclim-sites; neotoma-pollen,Vuolep Njakajaure,landclim-sites:897303:Lake Vuolep Njakajaure:68.333333:18.750000; landclim-sites:937075:VoNj; neotoma-pollen:28859,"Vuolep Njakajaure (landclim-sites; 68.333333, 18.750000); Vuolep Njakajaure (landclim-sites; 68.333333, 18.750000); Vuolep Njakajaure (neotoma-pollen; 68.341670, 18.780560)",2,3,1,0.8042
Lindhultsgöl,Lindhultsgöl,sweden_lake:lindhultsgol:57.143611:14.466111,lindhultsgol,57.143611,14.466111,"https://www.google.com/maps/search/?api=1&query=57.143611,14.466111",27,0.2772,2,fieldwork shortlist; 40 km,14,41,26.86,landclim-sites:897303:Lindhultsgöl:57.143611:14.466111,landclim-sites,Lindhultsgöl,https://doi.org/10.1594/PANGAEA.897303,source_coordinate_medoid,1,0.0014,,,,,,,,,0.0,,landclim-sites,Lindhultsgöl,landclim-sites:897303:Lindhultsgöl:57.143611:14.466111; landclim-sites:900966:GC21:Lindhultsgöl; landclim-sites:937075:Lindhult,"Lindhultsgöl (landclim-sites; 57.143611, 14.466111); Lindhultsgöl (landclim-sites; 57.143611, 14.466111); Lindhultsgöl (landclim-sites; 57.143600, 14.466100)",1,3,3,0.7625
Ljustjärnen,Ljustjärnen,sweden_lake:ljustjarnen:59.761111:14.490278,ljustjarnen,59.761111,14.490278,"https://www.google.com/maps/search/?api=1&query=59.761111,14.490278",28,0.2713,0,,23,47,32.67,landclim-sites:897303:Ljustjärnen:59.761111:14.490278,landclim-sites,Ljustjärnen,https://doi.org/10.1594/PANGAEA.897303,source_coordinate_medoid,1,0.4678,,,,,,,,,0.0,,landclim-sites; neotoma-pollen,Ljustjärnen,landclim-sites:897303:Ljustjärnen:59.761111:14.490278; landclim-sites:937075:LJU; neotoma-pollen:28853,"Ljustjärnen (landclim-sites; 59.761111, 14.490278); Ljustjärnen (landclim-sites; 59.761111, 14.490278); Ljustjärnen (neotoma-pollen; 59.760000, 14.482220)",2,3,3,0.9375
Badsjön,"Badsjön (68.333333, 18.750000)",sweden_lake:badsjon:68.333333:18.75,badsjon,68.333333,18.75,"https://www.google.com/maps/search/?api=1&query=68.333333,18.750000",29,0.2696,1,10 km,15,64,38.83,landclim-sites:897303:Lake Badsjön:68.333333:18.750000,landclim-sites,Badsjön,https://doi.org/10.1594/PANGAEA.897303,shared_source_coordinate,2,0.0,duplicate_sweden_name,2 Sweden candidates share this cleaned lake name.,,,,,,,0.0,,landclim-sites,Badsjön,landclim-sites:897303:Lake Badsjön:68.333333:18.750000; landclim-sites:900966:GC33:Badsjön; landclim-sites:937075:BAD,"Badsjön (landclim-sites; 68.333333, 18.750000); Badsjön (landclim-sites; 68.333333, 18.750000); Badsjön (landclim-sites; 68.333333, 18.750000)",1,3,3,0.7625
Halsjön II,Halsjön II,sweden_lake:halsjonii:56.23333:15.31667,halsjonii,56.23333,15.31667,"https://www.google.com/maps/search/?api=1&query=56.233330,15.316670",30,0.2675,0,,25,51,36,neotoma-pollen:3141,neotoma-pollen,Halsjön II,https://apps.neotomadb.org/explorer/#/record/site/3141,shared_source_coordinate,1,0.0,,,,,,,,,0.0,,neotoma-pollen,Halsjön II,neotoma-pollen:3141,"Halsjön II (neotoma-pollen; 56.233330, 15.316670)",1,1,1,0.6375
Kassjön,"Kassjön (63.916667, 20.016667)",sweden_lake:kassjon:63.916667:20.016667,kassjon,63.916667,20.016667,"https://www.google.com/maps/search/?api=1&query=63.916667,20.016667",31,0.2669,0,,22,53,37.17,landclim-sites:937075:KAS,landclim-sites,Kassjön,https://doi.org/10.1594/PANGAEA.937075,source_coordinate_medoid,1,1.0386,source_coordinate_spread,Source coordinates span 1.04 km inside this candidate.,,,,,,,0.0,,landclim-sites; neotoma-pollen,Kassjön,landclim-sites:897303:Kassjön:63.916667:20.016667; landclim-sites:937075:KAS; neotoma-pollen:3185,"Kassjön (landclim-sites; 63.916667, 20.016667); Kassjön (landclim-sites; 63.916667, 20.016667); Kassjön (neotoma-pollen; 63.925480, 20.009630)",2,3,3,0.9375
Östra Ringarp,Östra Ringarp,sweden_lake:ostraringarp:56.26417:13.31861,ostraringarp,56.26417,13.31861,"https://www.google.com/maps/search/?api=1&query=56.264170,13.318610",32,0.2662,0,,27,40,35,neotoma-pollen:28886,neotoma-pollen,Östra Ringarp,https://apps.neotomadb.org/explorer/#/record/site/28886,shared_source_coordinate,1,0.0,,,,,,,,,0.0,,neotoma-pollen,Östra Ringarp,neotoma-pollen:28886,"Östra Ringarp (neotoma-pollen; 56.264170, 13.318610)",1,1,1,0.6375
Ran Viken,Ran Viken,sweden_lake:ranviken:56.28145:14.29056,ranviken,56.28145,14.29056,"https://www.google.com/maps/search/?api=1&query=56.281450,14.290560",33,0.2643,4,fieldwork shortlist; 30 km; 40 km; 50 km,11,63,30.14,neotoma-pollen:3370,neotoma-pollen,Ran Viken,https://apps.neotomadb.org/explorer/#/record/site/3370,shared_source_coordinate,1,0.0,,,,,,,,,0.0,,neotoma-pollen,Ran Viken,neotoma-pollen:3370,"Ran Viken (neotoma-pollen; 56.281450, 14.290560)",1,1,1,0.6375
Mullsjön,Mullsjön,sweden_lake:mullsjon:58.31761:14.21136,mullsjon,58.31761,14.21136,"https://www.google.com/maps/search/?api=1&query=58.317610,14.211360",34,0.2641,2,40 km; 50 km,6,69,40.83,neotoma-pollen:3303,neotoma-pollen,Mullsjön,https://apps.neotomadb.org/explorer/#/record/site/3303,shared_source_coordinate,1,0.0,,,,,,,,,0.0,,neotoma-pollen,Mullsjön,neotoma-pollen:3303,"Mullsjön (neotoma-pollen; 58.317610, 14.211360)",1,1,1,0.6375
Kroktjärnen,Kroktjärnen,sweden_lake:kroktjarnen:66.233333:20.85,kroktjarnen,66.233333,20.85,"https://www.google.com/maps/search/?api=1&query=66.233333,20.850000",35,0.2636,0,,26,58,40.5,landclim-sites:937075:KRO,landclim-sites,Kroktjärnen,https://doi.org/10.1594/PANGAEA.937075,source_coordinate_medoid,1,0.0004,,,,,,,,,0.0,,landclim-sites; neotoma-pollen,Kroktjärnen,landclim-sites:897303:Kroktjärnen:66.233333:20.850000; landclim-sites:937075:KRO; neotoma-pollen:28865,"Kroktjärnen (landclim-sites; 66.233333, 20.850000); Kroktjärnen (landclim-sites; 66.233333, 20.850000); Kroktjärnen (neotoma-pollen; 66.233330, 20.850000)",2,3,3,0.9375
Galtsjön,Galtsjön,sweden_lake:galtsjon:56.21884:15.21014,galtsjon,56.21884,15.21014,"https://www.google.com/maps/search/?api=1&query=56.218840,15.210140",36,0.2629,0,,29,54,38.33,neotoma-pollen:3120,neotoma-pollen,Galtsjön,https://apps.neotomadb.org/explorer/#/record/site/3120,shared_source_coordinate,1,0.0,,,,,,,,,0.0,,neotoma-pollen,Galtsjön,neotoma-pollen:3120,"Galtsjön (neotoma-pollen; 56.218840, 15.210140)",1,1,1,0.6375
Bergakyllen,Bergakyllen,sweden_lake:bergakyllen:57.18367:16.14528,bergakyllen,57.18367,16.14528,"https://www.google.com/maps/search/?api=1&query=57.183670,16.145280",37,0.2619,0,,30,57,38,neotoma-pollen:3009,neotoma-pollen,Bergakyllen,https://apps.neotomadb.org/explorer/#/record/site/3009,shared_source_coordinate,1,0.0,,,,,,,,,0.0,,neotoma-pollen,Bergakyllen,neotoma-pollen:3009,"Bergakyllen (neotoma-pollen; 57.183670, 16.145280)",1,1,1,0.6375
Skvarran,Skvarran,sweden_lake:skvarran:57.1894:16.15266,skvarran,57.1894,16.15266,"https://www.google.com/maps/search/?api=1&query=57.189400,16.152660",38,0.2619,0,,31,58,39,neotoma-pollen:3419,neotoma-pollen,Skvarran,https://apps.neotomadb.org/explorer/#/record/site/3419,shared_source_coordinate,1,0.0,,,,,,,,,0.0,,neotoma-pollen,Skvarran,neotoma-pollen:3419,"Skvarran (neotoma-pollen; 57.189400, 16.152660)",1,1,1,0.6375
Gilltjärnen,"Gilltjärnen (60.083333, 15.833333)",sweden_lake:gilltjarnen:60.083333:15.833333,gilltjarnen,60.083333,15.833333,"https://www.google.com/maps/search/?api=1&query=60.083333,15.833333",39,0.2611,1,fieldwork shortlist,14,59,36.14,landclim-sites:897303:Gilltjärnen:60.083333:15.833333,landclim-sites,Gilltjärnen,https://doi.org/10.1594/PANGAEA.897303,source_coordinate_medoid,2,0.0004,duplicate_sweden_name,2 Sweden candidates share this cleaned lake name.,,,,,,,0.0,,landclim-sites; neotoma-pollen,Gilltjärnen,landclim-sites:897303:Gilltjärnen:60.083333:15.833333; neotoma-pollen:28866,"Gilltjärnen (landclim-sites; 60.083333, 15.833333); Gilltjärnen (neotoma-pollen; 60.083330, 15.833330)",2,2,2,0.875
Kroksjön,Kroksjön,sweden_lake:kroksjon:56.27346:15.00843,kroksjon,56.27346,15.00843,"https://www.google.com/maps/search/?api=1&query=56.273460,15.008430",40,0.2592,0,,23,54,39.83,neotoma-pollen:3206,neotoma-pollen,Kroksjön,https://apps.neotomadb.org/explorer/#/record/site/3206,shared_source_coordinate,1,0.0,,,,,,,,,0.0,,neotoma-pollen,Kroksjön,neotoma-pollen:3206,"Kroksjön (neotoma-pollen; 56.273460, 15.008430)",1,1,1,0.6375
Siggaboda,Siggaboda,sweden_lake:siggaboda:56.46667:14.56667,siggaboda,56.46667,14.56667,"https://www.google.com/maps/search/?api=1&query=56.466670,14.566670",41,0.2589,0,,32,54,40,neotoma-pollen:28890,neotoma-pollen,Siggaboda,https://apps.neotomadb.org/explorer/#/record/site/28890,shared_source_coordinate,1,0.0,,,,,,,,,0.0,,neotoma-pollen,Siggaboda,neotoma-pollen:28890,"Siggaboda (neotoma-pollen; 56.466670, 14.566670)",1,1,1,0.6375
Hälsegyl,Hälsegyl,sweden_lake:halsegyl:56.5436:14.6097,halsegyl,56.5436,14.6097,"https://www.google.com/maps/search/?api=1&query=56.543600,14.609700",42,0.2585,0,,35,52,43.83,neotoma-pollen:3140,neotoma-pollen,Hälsegyl,https://apps.neotomadb.org/explorer/#/record/site/3140,shared_source_coordinate,1,0.0,,,,,,,,,0.0,,neotoma-pollen,Hälsegyl,neotoma-pollen:3140,"Hälsegyl (neotoma-pollen; 56.543600, 14.609700)",1,1,1,0.6375
Lilla Gloppsjön,Lilla Gloppsjön,sweden_lake:lillagloppsjon:59.804444:14.627778,lillagloppsjon,59.804444,14.627778,"https://www.google.com/maps/search/?api=1&query=59.804444,14.627778",43,0.2573,0,,33,55,46.33,landclim-sites:937075:LGLOPPSJ,landclim-sites,Lilla Gloppsjön,https://doi.org/10.1594/PANGAEA.937075,source_coordinate_medoid,1,0.3963,,,,,,,,,0.0,,landclim-sites; neotoma-pollen,Lilla Gloppsjön,landclim-sites:937075:LGLOPPSJ; neotoma-pollen:3234,"Lilla Gloppsjön (landclim-sites; 59.804444, 14.627778); Lilla Gloppsjön (neotoma-pollen; 59.801670, 14.623330)",2,2,2,0.875
Tibetanus,Tibetanus,sweden_lake:tibetanus:68.333333:18.7,tibetanus,68.333333,18.7,"https://www.google.com/maps/search/?api=1&query=68.333333,18.700000",44,0.2571,0,,21,68,47.17,landclim-sites:897303:Lake Tibetanus:68.333333:18.700000,landclim-sites,Tibetanus,https://doi.org/10.1594/PANGAEA.897303,shared_source_coordinate,1,0.0,,,,,,,,,0.0,,landclim-sites,Tibetanus,landclim-sites:897303:Lake Tibetanus:68.333333:18.700000; landclim-sites:937075:TIB,"Tibetanus (landclim-sites; 68.333333, 18.700000); Tibetanus (landclim-sites; 68.333333, 18.700000)",1,2,2,0.7
Kalven,Kalven,sweden_lake:kalven:56.53516:14.55571,kalven,56.53516,14.55571,"https://www.google.com/maps/search/?api=1&query=56.535160,14.555710",45,0.2549,0,,39,51,46.67,neotoma-pollen:3179,neotoma-pollen,Kalven,https://apps.neotomadb.org/explorer/#/record/site/3179,shared_source_coordinate,1,0.0,,,,,,,,,0.0,,neotoma-pollen,Kalven,neotoma-pollen:3179,"Kalven (neotoma-pollen; 56.535160, 14.555710)",1,1,1,0.6375
Färshesjön,Färshesjön,sweden_lake:farshesjon:56.166667:15.866667,farshesjon,56.166667,15.866667,"https://www.google.com/maps/search/?api=1&query=56.166667,15.866667",46,0.2537,1,fieldwork shortlist,20,65,43.57,landclim-sites:897303:Färshesjön:56.166667:15.866667,landclim-sites,Färshesjön,https://doi.org/10.1594/PANGAEA.897303,shared_source_coordinate,1,0.0,,,,,,,,,0.0,,landclim-sites,Färshesjön,landclim-sites:897303:Färshesjön:56.166667:15.866667,"Färshesjön (landclim-sites; 56.166667, 15.866667)",1,1,1,0.6375
Färskesjön (core 2014),Färskesjön (core 2014),sweden_lake:farskesjoncore2014:56.166667:15.866667,farskesjoncore2014,56.166667,15.866667,"https://www.google.com/maps/search/?api=1&query=56.166667,15.866667",47,0.2537,0,,32,66,48.5,landclim-sites:937075:Farske,landclim-sites,Färskesjön (core 2014),https://doi.org/10.1594/PANGAEA.937075,shared_source_coordinate,1,0.0,,,,,,,,,0.0,,landclim-sites,Färskesjön (core 2014),landclim-sites:937075:Farske,"Färskesjön (core 2014) (landclim-sites; 56.166667, 15.866667)",1,1,1,0.6375
Västragylet,Västragylet,sweden_lake:vastragylet:56.35:14.88333,vastragylet,56.35,14.88333,"https://www.google.com/maps/search/?api=1&query=56.350000,14.883330",48,0.2515,0,,22,61,41.67,neotoma-pollen:28852,neotoma-pollen,Västragylet,https://apps.neotomadb.org/explorer/#/record/site/28852,shared_source_coordinate,1,0.0,,,,,,,,,0.0,,neotoma-pollen,Västragylet,neotoma-pollen:28852,"Västragylet (neotoma-pollen; 56.350000, 14.883330)",1,1,1,0.6375
Madtjärn,Madtjärn,sweden_lake:madtjarn:58.5959:12.17463,madtjarn,58.5959,12.17463,"https://www.google.com/maps/search/?api=1&query=58.595900,12.174630",49,0.2493,0,,44,54,48.83,neotoma-pollen:3317,neotoma-pollen,Madtjärn,https://apps.neotomadb.org/explorer/#/record/site/3317,shared_source_coordinate,1,0.0,,,,,,,,,0.0,,neotoma-pollen,Madtjärn,neotoma-pollen:3317,"Madtjärn (neotoma-pollen; 58.595900, 12.174630)",1,1,1,0.6375
Klotjärnen,"Klotjärnen (61.816667, 16.533333)",sweden_lake:klotjarnen:61.816667:16.533333,klotjarnen,61.816667,16.533333,"https://www.google.com/maps/search/?api=1&query=61.816667,16.533333",50,0.2462,1,fieldwork shortlist,19,60,45.86,landclim-sites:897303:Klotjärnen:61.816667:16.533333,landclim-sites,Klotjärnen,https://doi.org/10.1594/PANGAEA.897303,shared_source_coordinate,2,0.0,duplicate_sweden_name,2 Sweden candidates share this cleaned lake name.,,,,,,,0.0,,landclim-sites,Klotjärnen,landclim-sites:897303:Klotjärnen:61.816667:16.533333; landclim-sites:937075:KLO,"Klotjärnen (landclim-sites; 61.816667, 16.533333); Klotjärnen (landclim-sites; 61.816667, 16.533333)",1,2,2,0.7
Vingölen,Vingölen,sweden_lake:vingolen:57.13371:15.93773,vingolen,57.13371,15.93773,"https://www.google.com/maps/search/?api=1&query=57.133710,15.937730",51,0.2462,0,,27,64,48.17,neotoma-pollen:3493,neotoma-pollen,Vingölen,https://apps.neotomadb.org/explorer/#/record/site/3493,shared_source_coordinate,1,0.0,,,,,,,,,0.0,,neotoma-pollen,Vingölen,neotoma-pollen:3493,"Vingölen (neotoma-pollen; 57.133710, 15.937730)",1,1,1,0.6375
Badsjön,"Badsjön (68.344720, 18.796670)",sweden_lake:badsjon:68.34472:18.79667,badsjon,68.34472,18.79667,"https://www.google.com/maps/search/?api=1&query=68.344720,18.796670",52,0.2446,0,,28,75,55,neotoma-pollen:28144,neotoma-pollen,Badsjön,https://apps.neotomadb.org/explorer/#/record/site/28144,shared_source_coordinate,2,0.0,duplicate_sweden_name,2 Sweden candidates share this cleaned lake name.,,,,,,,0.0,,neotoma-pollen,Badsjön,neotoma-pollen:28144,"Badsjön (neotoma-pollen; 68.344720, 18.796670)",1,1,1,0.6375
Tibenatus,Tibenatus,sweden_lake:tibenatus:68.33583:18.69306,tibenatus,68.33583,18.69306,"https://www.google.com/maps/search/?api=1&query=68.335830,18.693060",53,0.2446,0,,29,73,55.5,neotoma-pollen:28860,neotoma-pollen,Tibenatus,https://apps.neotomadb.org/explorer/#/record/site/28860,shared_source_coordinate,1,0.0,,,,,,,,,0.0,,neotoma-pollen,Tibenatus,neotoma-pollen:28860,"Tibenatus (neotoma-pollen; 68.335830, 18.693060)",1,1,1,0.6375
Spjällsjön,Spjällsjön,sweden_lake:spjallsjon:56.68361:14.59256,spjallsjon,56.68361,14.59256,"https://www.google.com/maps/search/?api=1&query=56.683610,14.592560",54,0.242,0,,33,58,48.5,neotoma-pollen:3435,neotoma-pollen,Spjällsjön,https://apps.neotomadb.org/explorer/#/record/site/3435,shared_source_coordinate,1,0.0,,,,,,,,,0.0,,neotoma-pollen,Spjällsjön,neotoma-pollen:3435,"Spjällsjön (neotoma-pollen; 56.683610, 14.592560)",1,1,1,0.6375
Lillsjön,"Lillsjön (57.932230, 16.389030)",sweden_lake:lillsjon:57.93223:16.38903,lillsjon,57.93223,16.38903,"https://www.google.com/maps/search/?api=1&query=57.932230,16.389030",55,0.2418,0,,35,62,52.5,neotoma-pollen:31818,neotoma-pollen,Lillsjön,https://apps.neotomadb.org/explorer/#/record/site/31818,shared_source_coordinate,2,0.0,duplicate_sweden_name,2 Sweden candidates share this cleaned lake name.,,,,,,,0.0,,neotoma-pollen,Lillsjön,neotoma-pollen:31818,"Lillsjön (neotoma-pollen; 57.932230, 16.389030)",1,1,1,0.6375
Domsjön,Domsjön,sweden_lake:domsjon:58.31129:12.42425,domsjon,58.31129,12.42425,"https://www.google.com/maps/search/?api=1&query=58.311290,12.424250",56,0.2395,0,,41,63,52.83,neotoma-pollen:14458,neotoma-pollen,Domsjön,https://apps.neotomadb.org/explorer/#/record/site/14458,shared_source_coordinate,1,0.0,,,,,,,,,0.0,,neotoma-pollen,Domsjön,neotoma-pollen:14458,"Domsjön (neotoma-pollen; 58.311290, 12.424250)",1,1,1,0.6375
Klotjärnen,"Klotjärnen (61.821250, 16.404720)",sweden_lake:klotjarnen:61.82125:16.40472,klotjarnen,61.82125,16.40472,"https://www.google.com/maps/search/?api=1&query=61.821250,16.404720",57,0.2393,1,fieldwork shortlist,17,70,50.86,neotoma-pollen:13336,neotoma-pollen,Klotjärnen,https://apps.neotomadb.org/explorer/#/record/site/13336,shared_source_coordinate,2,0.0,duplicate_sweden_name,2 Sweden candidates share this cleaned lake name.,,,,,,,0.0,,neotoma-pollen,Klotjärnen,neotoma-pollen:13336,"Klotjärnen (neotoma-pollen; 61.821250, 16.404720)",1,1,1,0.6375
Mjällsjön,Mjällsjön,sweden_lake:mjallsjon:57.09696:12.57381,mjallsjon,57.09696,12.57381,"https://www.google.com/maps/search/?api=1&query=57.096960,12.573810",58,0.2369,0,,43,66,55.83,neotoma-pollen:3287,neotoma-pollen,Mjällsjön,https://apps.neotomadb.org/explorer/#/record/site/3287,shared_source_coordinate,1,0.0,,,,,,,,,0.0,,neotoma-pollen,Mjällsjön,neotoma-pollen:3287,"Mjällsjön (neotoma-pollen; 57.096960, 12.573810)",1,1,0,0.4375
Abborrtjärnen,Abborrtjärnen,sweden_lake:abborrtjarnen:63.883333:14.45,abborrtjarnen,63.883333,14.45,"https://www.google.com/maps/search/?api=1&query=63.883333,14.450000",59,0.2365,0,,45,67,58.5,landclim-sites:937075:ABB,landclim-sites,Abborrtjärnen,https://doi.org/10.1594/PANGAEA.937075,source_coordinate_medoid,1,0.0004,,,,,,,,,0.0,,landclim-sites; neotoma-pollen,Abborrtjärnen,landclim-sites:897303:Abborrtjärnen:63.883333:14.450000; landclim-sites:937075:ABB; neotoma-pollen:13338,"Abborrtjärnen (landclim-sites; 63.883333, 14.450000); Abborrtjärnen (landclim-sites; 63.883333, 14.450000); Abborrtjärnen (neotoma-pollen; 63.883330, 14.450000)",2,3,3,0.9375
Sännen,Sännen,sweden_lake:sannen:56.321475:15.37054,sannen,56.321475,15.37054,"https://www.google.com/maps/search/?api=1&query=56.321475,15.370540",60,0.2356,0,,31,74,52.33,neotoma-pollen:22656,neotoma-pollen,Sännen,https://apps.neotomadb.org/explorer/#/record/site/22656,shared_source_coordinate,1,0.0,,,,,,,,,0.0,,neotoma-pollen,Sännen,neotoma-pollen:22656,"Sännen (neotoma-pollen; 56.321475, 15.370540)",1,1,1,0.6375
Svartkälstjärn,Svartkälstjärn,sweden_lake:svartkalstjarn:64.266667:19.55,svartkalstjarn,64.266667,19.55,"https://www.google.com/maps/search/?api=1&query=64.266667,19.550000",61,0.2349,0,,48,67,59.67,landclim-sites:937075:SVA,landclim-sites,Svartkälstjärn,https://doi.org/10.1594/PANGAEA.937075,source_coordinate_medoid,1,0.0004,,,,,,,,,0.0,,landclim-sites; neotoma-pollen,Svartkälstjärn,landclim-sites:897303:Svartkälstjärn:64.266667:19.550000; landclim-sites:937075:SVA; neotoma-pollen:28856,"Svartkälstjärn (landclim-sites; 64.266667, 19.550000); Svartkälstjärn (landclim-sites; 64.266667, 19.550000); Svartkälstjärn (neotoma-pollen; 64.266670, 19.550000)",2,3,3,0.9375
Deromesjön,Deromesjön,sweden_lake:deromesjon:57.20915:12.3533,deromesjon,57.20915,12.3533,"https://www.google.com/maps/search/?api=1&query=57.209150,12.353300",62,0.2343,0,,51,69,61,neotoma-pollen:3081,neotoma-pollen,Deromesjön,https://apps.neotomadb.org/explorer/#/record/site/3081,shared_source_coordinate,1,0.0,,,,,,,,,0.0,,neotoma-pollen,Deromesjön,neotoma-pollen:3081,"Deromesjön (neotoma-pollen; 57.209150, 12.353300)",1,1,0,0.4375
Åkerhultagöl [Tomtabaken],Åkerhultagöl [Tomtabaken],sweden_lake:akerhultagoltomtabaken:57.48333:14.46667,akerhultagoltomtabaken,57.48333,14.46667,"https://www.google.com/maps/search/?api=1&query=57.483330,14.466670",63,0.2331,0,,27,65,53,neotoma-pollen:3470,neotoma-pollen,Åkerhultagöl [Tomtabaken],https://apps.neotomadb.org/explorer/#/record/site/3470,shared_source_coordinate,1,0.0,,,,,,,,,0.0,,neotoma-pollen,Åkerhultagöl [Tomtabaken],neotoma-pollen:3470,"Åkerhultagöl [Tomtabaken] (neotoma-pollen; 57.483330, 14.466670)",1,1,1,0.6375
Stentjärn,Stentjärn,sweden_lake:stentjarn:63.1:12.241944,stentjarn,63.1,12.241944,"https://www.google.com/maps/search/?api=1&query=63.100000,12.241944",64,0.2325,0,,49,70,62.83,landclim-sites:900966:GC31:Stentjärn,landclim-sites,Stentjärn,https://doi.org/10.1594/PANGAEA.900966,source_coordinate_medoid,1,0.003,,,,,,,,,0.0,,landclim-sites; neotoma-pollen,Stentjärn,landclim-sites:900966:GC31:Stentjärn; landclim-sites:937075:STEN; neotoma-pollen:28855,"Stentjärn (landclim-sites; 63.100000, 12.241944); Stentjärn (landclim-sites; 63.100000, 12.242000); Stentjärn (neotoma-pollen; 63.100000, 12.241940)",2,3,3,0.9375
Fjallsjön 1,Fjallsjön 1,sweden_lake:fjallsjon1:57.75152:12.85762,fjallsjon1,57.75152,12.85762,"https://www.google.com/maps/search/?api=1&query=57.751520,12.857620",65,0.2315,0,,35,71,55.5,neotoma-pollen:3104,neotoma-pollen,Fjallsjön 1,https://apps.neotomadb.org/explorer/#/record/site/3104,shared_source_coordinate,1,0.0,,,,,,,,,0.0,,neotoma-pollen,Fjallsjön 1,neotoma-pollen:3104,"Fjallsjön 1 (neotoma-pollen; 57.751520, 12.857620)",1,1,1,0.6375
Odensjön,Odensjön,sweden_lake:odensjon:56.00394:13.27565,odensjon,56.00394,13.27565,"https://www.google.com/maps/search/?api=1&query=56.003940,13.275650",66,0.2311,1,50 km,16,76,51.33,neotoma-pollen:3326,neotoma-pollen,Odensjön,https://apps.neotomadb.org/explorer/#/record/site/3326,shared_source_coordinate,1,0.0,,,,,,,,,0.0,,neotoma-pollen,Odensjön,neotoma-pollen:3326,"Odensjön (neotoma-pollen; 56.003940, 13.275650)",1,1,0,0.4375
Öagöl,Öagöl,sweden_lake:oagol:57.20944:14.80083,oagol,57.20944,14.80083,"https://www.google.com/maps/search/?api=1&query=57.209440,14.800830",67,0.2288,0,,38,70,55,neotoma-pollen:30418,neotoma-pollen,Öagöl,https://apps.neotomadb.org/explorer/#/record/site/30418,shared_source_coordinate,1,0.0,,,,,,,,,0.0,,neotoma-pollen,Öagöl,neotoma-pollen:30418,"Öagöl (neotoma-pollen; 57.209440, 14.800830)",1,1,1,0.6375
Lilla Sjö,Lilla Sjö,sweden_lake:lillasjo:56.28143:13.92491,lillasjo,56.28143,13.92491,"https://www.google.com/maps/search/?api=1&query=56.281430,13.924910",68,0.2229,0,,26,75,55.67,neotoma-pollen:3237,neotoma-pollen,Lilla Sjö,https://apps.neotomadb.org/explorer/#/record/site/3237,shared_source_coordinate,1,0.0,,,,,,,,,0.0,,neotoma-pollen,Lilla Sjö,neotoma-pollen:3237,"Lilla Sjö (neotoma-pollen; 56.281430, 13.924910)",1,1,0,0.4375
Björksjödamm,Björksjödamm,sweden_lake:bjorksjodamm:57.709:12.34641,bjorksjodamm,57.709,12.34641,"https://www.google.com/maps/search/?api=1&query=57.709000,12.346410",69,0.2209,0,,22,74,57,neotoma-pollen:3020,neotoma-pollen,Björksjödamm,https://apps.neotomadb.org/explorer/#/record/site/3020,shared_source_coordinate,1,0.0,,,,,,,,,0.0,,neotoma-pollen,Björksjödamm,neotoma-pollen:3020,"Björksjödamm (neotoma-pollen; 57.709000, 12.346410)",1,1,1,0.6375
Lommesjön,"Lommesjön (58.579410, 12.137340)",sweden_lake:lommesjon:58.57941:12.13734,lommesjon,58.57941,12.13734,"https://www.google.com/maps/search/?api=1&query=58.579410,12.137340",70,0.2202,0,,51,74,67.83,neotoma-pollen:3288,neotoma-pollen,Lommesjön,https://apps.neotomadb.org/explorer/#/record/site/3288,shared_source_coordinate,1,0.0,source_position_note,"We assume that the site is Lake Lommesjön in Björck and Digerfeldt 1991 since number of pollen samples and the depth match the publication (except the last sample that originally was 770, but we assume typing error). However, another lake also called Lommesjön is found approx. 1 km NE to the one we have marked on the map. This could also be the likely site since position is not clear in the publication. Another possibility is the unnamed lake positioned betwen the two Lommesjön lakes.",,,,,,,0.0,,neotoma-pollen,Lommesjön,neotoma-pollen:3288,"Lommesjön (neotoma-pollen; 58.579410, 12.137340)",1,1,0,0.4375
Aborregöl,Aborregöl,sweden_lake:aborregol:57.20045:16.15584,aborregol,57.20045,16.15584,"https://www.google.com/maps/search/?api=1&query=57.200450,16.155840",71,0.2185,0,,57,75,66.33,neotoma-pollen:2961,neotoma-pollen,Aborregöl,https://apps.neotomadb.org/explorer/#/record/site/2961,shared_source_coordinate,1,0.0,,,,,,,,,0.0,,neotoma-pollen,Aborregöl,neotoma-pollen:2961,"Aborregöl (neotoma-pollen; 57.200450, 16.155840)",1,1,0,0.4375
Vuoskkujávri,Vuoskkujávri,sweden_lake:vuoskkujavri:68.34556:19.1,vuoskkujavri,68.34556,19.1,"https://www.google.com/maps/search/?api=1&query=68.345560,19.100000",72,0.2181,0,,49,78,67.33,neotoma-pollen:26117,neotoma-pollen,Vuoskkujávri,https://apps.neotomadb.org/explorer/#/record/site/26117,shared_source_coordinate,1,0.0,,,,,,,,,0.0,,neotoma-pollen,Vuoskkujávri,neotoma-pollen:26117,"Vuoskkujávri (neotoma-pollen; 68.345560, 19.100000)",1,1,1,0.6375
Storsjön,Storsjön,sweden_lake:storsjon:57.707:16.223,storsjon,57.707,16.223,"https://www.google.com/maps/search/?api=1&query=57.707000,16.223000",73,0.2128,0,,62,73,68.67,landclim-sites:937075:Storsjon,landclim-sites,Storsjön,https://doi.org/10.1594/PANGAEA.937075,shared_source_coordinate,1,0.0,,,,,,,,,0.0,,landclim-sites,Storsjön,landclim-sites:937075:Storsjon,"Storsjön (landclim-sites; 57.707000, 16.223000)",1,1,1,0.6375
Övre Draketjärn,Övre Draketjärn,sweden_lake:ovredraketjarn:58.6:12.18333,ovredraketjarn,58.6,12.18333,"https://www.google.com/maps/search/?api=1&query=58.600000,12.183330",74,0.2102,0,,65,74,70.67,neotoma-pollen:3334,neotoma-pollen,Övre Draketjärn,https://apps.neotomadb.org/explorer/#/record/site/3334,shared_source_coordinate,1,0.0,,,,,,,,,0.0,,neotoma-pollen,Övre Draketjärn,neotoma-pollen:3334,"Övre Draketjärn (neotoma-pollen; 58.600000, 12.183330)",1,1,0,0.4375
Bergsjön,Bergsjön,sweden_lake:bergsjon:58.313555:12.438565,bergsjon,58.313555,12.438565,"https://www.google.com/maps/search/?api=1&query=58.313555,12.438565",75,0.1994,0,,65,76,72,neotoma-pollen:14054,neotoma-pollen,Bergsjön,https://apps.neotomadb.org/explorer/#/record/site/14054,shared_source_coordinate,1,0.0,,,,,,,,,0.0,,neotoma-pollen,Bergsjön,neotoma-pollen:14054,"Bergsjön (neotoma-pollen; 58.313555, 12.438565)",1,1,0,0.4375
Gilltjärnen,"Gilltjärnen (60.083333, 15.083333)",sweden_lake:gilltjarnen:60.083333:15.083333,gilltjarnen,60.083333,15.083333,"https://www.google.com/maps/search/?api=1&query=60.083333,15.083333",76,0.1972,0,,67,77,73,landclim-sites:937075:GIL,landclim-sites,Gilltjärnen,https://doi.org/10.1594/PANGAEA.937075,shared_source_coordinate,2,0.0,duplicate_sweden_name,2 Sweden candidates share this cleaned lake name.,,,,,,,0.0,,landclim-sites,Gilltjärnen,landclim-sites:937075:GIL,"Gilltjärnen (landclim-sites; 60.083333, 15.083333)",1,1,1,0.6375
Alanen Laanijärvi,Alanen Laanijärvi,sweden_lake:alanenlaanijarvi:67.96611:20.46028,alanenlaanijarvi,67.96611,20.46028,"https://www.google.com/maps/search/?api=1&query=67.966110,20.460280",77,0.1715,0,,75,79,77.5,neotoma-pollen:26119,neotoma-pollen,Alanen Laanijärvi,https://apps.neotomadb.org/explorer/#/record/site/26119,shared_source_coordinate,1,0.0,,,,,,,,,0.0,,neotoma-pollen,Alanen Laanijärvi,neotoma-pollen:26119,"Alanen Laanijärvi (neotoma-pollen; 67.966110, 20.460280)",1,1,1,0.6375
Styggtjärnen,Styggtjärnen,sweden_lake:styggtjarnen:62.324285:13.557865,styggtjarnen,62.324285,13.557865,"https://www.google.com/maps/search/?api=1&query=62.324285,13.557865",78,0.1713,0,,77,78,77.67,neotoma-pollen:13335,neotoma-pollen,Styggtjärnen,https://apps.neotomadb.org/explorer/#/record/site/13335,shared_source_coordinate,1,0.0,,,,,,,,,0.0,,neotoma-pollen,Styggtjärnen,neotoma-pollen:13335,"Styggtjärnen (neotoma-pollen; 62.324285, 13.557865)",1,1,1,0.6375
Krontjärnen,Krontjärnen,sweden_lake:krontjarnen:66.23468:20.84254,krontjarnen,66.23468,20.84254,"https://www.google.com/maps/search/?api=1&query=66.234680,20.842540",79,0.1636,0,,79,80,79.5,neotoma-pollen:3207,neotoma-pollen,Krontjärnen,https://apps.neotomadb.org/explorer/#/record/site/3207,shared_source_coordinate,1,0.0,,,,,,,,,0.0,,neotoma-pollen,Krontjärnen,neotoma-pollen:3207,"Krontjärnen (neotoma-pollen; 66.234680, 20.842540)",1,1,0,0.4375
Sandsjön,Sandsjön,sweden_lake:sandsjon:56.769515:13.400745,sandsjon,56.769515,13.400745,"https://www.google.com/maps/search/?api=1&query=56.769515,13.400745",80,0.1627,0,,76,80,78.67,neotoma-pollen:14455,neotoma-pollen,Sandsjön,https://apps.neotomadb.org/explorer/#/record/site/14455,shared_source_coordinate,1,0.0,,,,,,,,,0.0,,neotoma-pollen,Sandsjön,neotoma-pollen:14455,"Sandsjön (neotoma-pollen; 56.769515, 13.400745)",1,1,0,0.4375
