project_accession,species_latin_name,normalized_display_spelling,geocoding_safe_token,original_source_spellings,alternative_spellings,source_surfaces,locality_classes
KU605068-KU605080,Camelus dromedarius,Austria,austria,Austria,,archive_metadata,excavation_site
KU605068-KU605080,Camelus dromedarius,Dubai,dubai,Dubai,,archive_metadata,excavation_site
KU605068-KU605080,Camelus dromedarius,Kenya,kenya,Kenya,,archive_metadata,excavation_site
KU605068-KU605080,Camelus dromedarius,Pakistan,pakistan,Pakistan,,archive_metadata,excavation_site
KU605068-KU605080,Camelus dromedarius,Palmyra,palmyra,Palmyra,,archive_metadata,excavation_site
KU605068-KU605080,Camelus dromedarius,Qatar-Jordan border,qatarjordanborder,Qatar-Jordan border,,archive_metadata,excavation_site
KU605068-KU605080,Camelus dromedarius,Sagalassos,sagalassos,Sagalassos,,archive_metadata,excavation_site
KU605068-KU605080,Camelus dromedarius,Saudi Arabia,saudiarabia,Saudi Arabia,,archive_metadata,excavation_site
KU605068-KU605080,Camelus dromedarius,Sudan,sudan,Sudan,,archive_metadata,excavation_site
KX379528-KX379529,Canis lupus familiaris,Cherry Tree Cave,cherrytreecave,Cherry Tree Cave,,archive_metadata,excavation_site
KX379528-KX379529,Canis lupus familiaris,Herxheim,herxheim,Herxheim,,archive_metadata,excavation_site
PRJEB19970,Equus caballus,Arzhan I,arzhani,Arzhan I,,supplementary_table,excavation_site
PRJEB19970,Equus caballus,Berel',berel,Berel',,supplementary_table,excavation_site
PRJEB19970,Equus caballus,Sintashta,sintashta,Sintashta,,supplementary_table,excavation_site
PRJEB22390,Equus caballus,Actiparc,actiparc,Actiparc,,supplementary_table,excavation_site
PRJEB22390,Equus caballus,Bateni,bateni,Bateni,,supplementary_table,excavation_site
PRJEB22390,Equus caballus,Borly4,borly4,Borly4,,supplementary_table,excavation_site
PRJEB22390,Equus caballus,Botai,botai,Botai,,supplementary_table,excavation_site
PRJEB22390,Equus caballus,Botai archaeological site horse context,botaiarchaeologicalsitehorsecontext,Botai archaeological site,Botai archaeological site,coordinate_resolution,country
PRJEB22390,Equus caballus,Botai C,botaic,Botai C,,supplementary_table,excavation_site
PRJEB22390,Equus caballus,Botai culture of the Central Asian steppes,botaicultureofthecentralasiansteppes,Botai culture of the Central Asian steppes,,article_text,broader_locality
PRJEB22390,Equus caballus,Botai culture steppe context,botaiculturesteppecontext,Botai culture steppe context,,article_text,broader_locality
PRJEB22390,Equus caballus,Botai F,botaif,Botai F,,supplementary_table,excavation_site
PRJEB22390,Equus caballus,Botai G,botaig,Botai G,,supplementary_table,excavation_site
PRJEB22390,Equus caballus,Botai I,botaii,Botai I,,supplementary_table,excavation_site
PRJEB22390,Equus caballus,Botai K,botaik,Botai K,,supplementary_table,excavation_site
PRJEB22390,Equus caballus,Botai LM,botailm,Botai LM,,supplementary_table,excavation_site
PRJEB22390,Equus caballus,Botai P,botaip,Botai P,,supplementary_table,excavation_site
PRJEB22390,Equus caballus,Botai Petrous,botaipetrous,Botai Petrous,,supplementary_table,excavation_site
PRJEB22390,Equus caballus,Botai R,botair,Botai R,,supplementary_table,excavation_site
PRJEB22390,Equus caballus,Dunaujvaros,dunaujvaros,Dunaujvaros,,supplementary_table,excavation_site
PRJEB22390,Equus caballus,FMontauban,fmontauban,FMontauban,,supplementary_table,excavation_site
PRJEB22390,Equus caballus,Garbovat,garbovat,Garbovat,,supplementary_table,excavation_site
PRJEB22390,Equus caballus,GolModII,golmodii,GolModII,,supplementary_table,excavation_site
PRJEB22390,Equus caballus,Grigorevka4,grigorevka4,Grigorevka4,,supplementary_table,excavation_site
PRJEB22390,Equus caballus,Haunstetten,haunstetten,Haunstetten,,supplementary_table,excavation_site
PRJEB22390,Equus caballus,Ridala,ridala,Ridala,,supplementary_table,excavation_site
PRJEB22390,Equus caballus,ShahrIQumis,shahriqumis,ShahrIQumis,,supplementary_table,excavation_site
PRJEB22390,Equus caballus,Syrgal,syrgal,Syrgal,,supplementary_table,excavation_site
PRJEB22390,Equus caballus,TachtiPerda,tachtiperda,TachtiPerda,,supplementary_table,excavation_site
PRJEB22390,Equus caballus,TepeHasanlu,tepehasanlu,TepeHasanlu,,supplementary_table,excavation_site
PRJEB22390,Equus caballus,UushgiinUvur,uushgiinuvur,UushgiinUvur,,supplementary_table,excavation_site
PRJEB22390,Equus caballus,Yenikapi,yenikapi,Yenikapi,,supplementary_table,excavation_site
PRJEB22390,Equus caballus,Zhanaturmus,zhanaturmus,Zhanaturmus,,supplementary_table,excavation_site
PRJEB30282,Sus scrofa domesticus,Bundsø,bundsø,Bundsø,,supplementary_table,excavation_site
PRJEB30282,Sus scrofa domesticus,Near East and Europe pig domestication transect,neareastandeuropepigdomesticationtransect,Near East and Europe pig domestication transect;Near East to Europe regional study extent,Near East to Europe regional study extent,article_text;coordinate_resolution,broader_locality
PRJEB30282,Sus scrofa domesticus,Trelleborg,trelleborg,Trelleborg,,supplementary_table,excavation_site
PRJEB31613,Equus caballus,Actiparc,actiparc,Actiparc,,supplementary_table,excavation_site
PRJEB31613,Equus caballus,Alcáçova de Santarém,alcáçovadesantarém,Alcáçova de Santarém,,supplementary_table,excavation_site
PRJEB31613,Equus caballus,Altata,altata,Altata,,supplementary_table,excavation_site
PRJEB31613,Equus caballus,Arzhan I,arzhani,Arzhan I,,supplementary_table,excavation_site
PRJEB31613,Equus caballus,Arzhan II,arzhanii,Arzhan II,,supplementary_table,excavation_site
PRJEB31613,Equus caballus,Augusta Raurica - Insula 8,augustarauricainsula8,Augusta Raurica - Insula 8,,supplementary_table,excavation_site
PRJEB31613,Equus caballus,Augusta Raurica - Schmidmatt,augustarauricaschmidmatt,Augusta Raurica - Schmidmatt,,supplementary_table,excavation_site
PRJEB31613,Equus caballus,Balagansk,balagansk,Balagansk,,supplementary_table,excavation_site
PRJEB31613,Equus caballus,Bapska Gradac,bapskagradac,Bapska Gradac,,supplementary_table,excavation_site
PRJEB31613,Equus caballus,Batagai,batagai,Batagai,,supplementary_table,excavation_site
PRJEB31613,Equus caballus,Bateni,bateni,Bateni,,supplementary_table,excavation_site
PRJEB31613,Equus caballus,"Beauvais, la Maladrerie Saint-Lazare",beauvaislamaladreriesaintlazare,"Beauvais, la Maladrerie Saint-Lazare",,supplementary_table,excavation_site
PRJEB31613,Equus caballus,"Beauvais, VIlliers-de-l'Isle Adam",beauvaisvilliersdelisleadam,"Beauvais, VIlliers-de-l'Isle Adam",,supplementary_table,excavation_site
PRJEB31613,Equus caballus,Belgheis,belgheis,Belgheis,,supplementary_table,excavation_site
PRJEB31613,Equus caballus,Belkaragay,belkaragay,Belkaragay,,supplementary_table,excavation_site
PRJEB31613,Equus caballus,Berel',berel,Berel',,supplementary_table,excavation_site
PRJEB31613,Equus caballus,Berufjordur,berufjordur,Berufjordur,,supplementary_table,excavation_site
PRJEB31613,Equus caballus,Borly 4,borly4,Borly 4,,supplementary_table,excavation_site
PRJEB31613,Equus caballus,Botai,botai,Botai,,supplementary_table,excavation_site
PRJEB31613,Equus caballus,"Boves, chemin de Glisy",boveschemindeglisy,"Boves, chemin de Glisy",,supplementary_table,excavation_site
PRJEB31613,Equus caballus,Boz-Adyr,bozadyr,Boz-Adyr,,supplementary_table,excavation_site
PRJEB31613,Equus caballus,Brough Of Deerness,broughofdeerness,Brough Of Deerness,,supplementary_table,excavation_site
PRJEB31613,Equus caballus,Bruszcewo,bruszcewo,Bruszcewo,,supplementary_table,excavation_site
PRJEB31613,Equus caballus,"Camino de las Yeseras, Madrid",caminodelasyeserasmadrid,"Camino de las Yeseras, Madrid",,supplementary_table,excavation_site
PRJEB31613,Equus caballus,Cantorella,cantorella,Cantorella,,supplementary_table,excavation_site
PRJEB31613,Equus caballus,Capesterre-Belle-Eau,capesterrebelleeau,Capesterre-Belle-Eau,,supplementary_table,excavation_site
PRJEB31613,Equus caballus,Capote,capote,Capote,,supplementary_table,excavation_site
PRJEB31613,Equus caballus,"Chartres, boulevard de la Courtille",chartresboulevarddelacourtille,"Chartres, boulevard de la Courtille",,supplementary_table,excavation_site
PRJEB31613,Equus caballus,"Dariali, Tamara Fort",darialitamarafort,"Dariali, Tamara Fort",,supplementary_table,excavation_site
PRJEB31613,Equus caballus,Derkul,derkul,Derkul,,supplementary_table,excavation_site
PRJEB31613,Equus caballus,Dunaújváros,dunaújváros,Dunaújváros,,supplementary_table,excavation_site
PRJEB31613,Equus caballus,El Acequión,elacequión,El Acequión,,supplementary_table,excavation_site
PRJEB31613,Equus caballus,Els Vilars,elsvilars,Els Vilars,,supplementary_table,excavation_site
PRJEB31613,Equus caballus,"Evreux, Clos-au-Duc",evreuxclosauduc,"Evreux, Clos-au-Duc",,supplementary_table,excavation_site
PRJEB31613,Equus caballus,Fengtai,fengtai,Fengtai,,supplementary_table,excavation_site
PRJEB31613,Equus caballus,Frankfurt-Heddenheim,frankfurtheddenheim,Frankfurt-Heddenheim,,supplementary_table,excavation_site
PRJEB31613,Equus caballus,Fresnes-lès-Montauban,fresneslèsmontauban,Fresnes-lès-Montauban,,supplementary_table,excavation_site
PRJEB31613,Equus caballus,Garbovat,garbovat,Garbovat,,supplementary_table,excavation_site
PRJEB31613,Equus caballus,Gol Mod II,golmodii,Gol Mod II,,supplementary_table,excavation_site
PRJEB31613,Equus caballus,Goyet,goyet,Goyet,,supplementary_table,excavation_site
PRJEB31613,Equus caballus,Granastaðir,granastaðir,Granastaðir,,supplementary_table,excavation_site
PRJEB31613,Equus caballus,Gregorevka 4,gregorevka4,Gregorevka 4,,supplementary_table,excavation_site
PRJEB31613,Equus caballus,Halvai 3,halvai3,Halvai 3,,supplementary_table,excavation_site
PRJEB31613,Equus caballus,Halvai 5,halvai5,Halvai 5,,supplementary_table,excavation_site
PRJEB31613,Equus caballus,Haunstetten,haunstetten,Haunstetten,,supplementary_table,excavation_site
PRJEB31613,Equus caballus,Khatuu 2,khatuu2,Khatuu 2,,supplementary_table,excavation_site
PRJEB31613,Equus caballus,Khotont,khotont,Khotont,,supplementary_table,excavation_site
PRJEB31613,Equus caballus,Kokorevo,kokorevo,Kokorevo,,supplementary_table,excavation_site
PRJEB31613,Equus caballus,Krasnaya Gorka,krasnayagorka,Krasnaya Gorka,,supplementary_table,excavation_site
PRJEB31613,Equus caballus,Krasnokamenka,krasnokamenka,Krasnokamenka,,supplementary_table,excavation_site
PRJEB31613,Equus caballus,Kulian Cave,kuliancave,Kulian Cave,,supplementary_table,excavation_site
PRJEB31613,Equus caballus,Lebyazhinka IV,lebyazhinkaiv,Lebyazhinka IV,,supplementary_table,excavation_site
PRJEB31613,Equus caballus,Longueil-Annel,longueilannel,Longueil-Annel,,supplementary_table,excavation_site
PRJEB31613,Equus caballus,"Macon, rue Rambuteau",maconruerambuteau,"Macon, rue Rambuteau",,supplementary_table,excavation_site
PRJEB31613,Equus caballus,Mainz,mainz,Mainz,,supplementary_table,excavation_site
PRJEB31613,Equus caballus,Marvelė cemetery,marvelėcemetery,Marvelė cemetery,,supplementary_table,excavation_site
PRJEB31613,Equus caballus,Merzly Yar,merzlyyar,Merzly Yar,,supplementary_table,excavation_site
PRJEB31613,Equus caballus,"Metz, Place de la République",metzplacedelarépublique,"Metz, Place de la République",,supplementary_table,excavation_site
PRJEB31613,Equus caballus,Miciurin,miciurin,Miciurin,,supplementary_table,excavation_site
PRJEB31613,Equus caballus,museum specimen,museumspecimen,museum specimen,,supplementary_table,excavation_site
PRJEB31613,Equus caballus,Noyon - Orroire,noyonorroire,Noyon - Orroire,,supplementary_table,excavation_site
PRJEB31613,Equus caballus,Nuštar,nuštar,Nuštar,,supplementary_table,excavation_site
PRJEB31613,Equus caballus,Oktyabrsky,oktyabrsky,Oktyabrsky,,supplementary_table,excavation_site
PRJEB31613,Equus caballus,Olon Kurin Gol,olonkuringol,Olon Kurin Gol,,supplementary_table,excavation_site
PRJEB31613,Equus caballus,Otepää,otepää,Otepää,,supplementary_table,excavation_site
PRJEB31613,Equus caballus,Otok,otok,Otok,,supplementary_table,excavation_site
PRJEB31613,Equus caballus,Potapovka I,potapovkai,Potapovka I,,supplementary_table,excavation_site
PRJEB31613,Equus caballus,Quoygrew,quoygrew,Quoygrew,,supplementary_table,excavation_site
PRJEB31613,Equus caballus,Ridala,ridala,Ridala,,supplementary_table,excavation_site
PRJEB31613,Equus caballus,Saadjärve,saadjärve,Saadjärve,,supplementary_table,excavation_site
PRJEB31613,Equus caballus,Sagzabad,sagzabad,Sagzabad,,supplementary_table,excavation_site
PRJEB31613,Equus caballus,Saint-Just-en-Chaussée,saintjustenchaussée,Saint-Just-en-Chaussée,,supplementary_table,excavation_site
PRJEB31613,Equus caballus,Saint-Quentin,saintquentin,Saint-Quentin,,supplementary_table,excavation_site
PRJEB31613,Equus caballus,Sayangorsk,sayangorsk,Sayangorsk,,supplementary_table,excavation_site
PRJEB31613,Equus caballus,Schloßvippach,schlossvippach,Schloßvippach,,supplementary_table,excavation_site
PRJEB31613,Equus caballus,Shar-I-Qumis,shariqumis,Shar-I-Qumis,,supplementary_table,excavation_site
PRJEB31613,Equus caballus,Sintashta,sintashta,Sintashta,,supplementary_table,excavation_site
PRJEB31613,Equus caballus,Solothurn-Vigier,solothurnvigier,Solothurn-Vigier,,supplementary_table,excavation_site
PRJEB31613,Equus caballus,Steim am Rhein Charregass,steimamrheincharregass,Steim am Rhein Charregass,,supplementary_table,excavation_site
PRJEB31613,Equus caballus,Syrgal 1,syrgal1,Syrgal 1,,supplementary_table,excavation_site
PRJEB31613,Equus caballus,Tachti Perda,tachtiperda,Tachti Perda,,supplementary_table,excavation_site
PRJEB31613,Equus caballus,Tavan Tolgoi,tavantolgoi,Tavan Tolgoi,,supplementary_table,excavation_site
PRJEB31613,Equus caballus,Taymyr,taymyr,Taymyr,,supplementary_table,excavation_site
PRJEB31613,Equus caballus,Tepe Hasanlu,tepehasanlu,Tepe Hasanlu,,supplementary_table,excavation_site
PRJEB31613,Equus caballus,Tumeski,tumeski,Tumeski,,supplementary_table,excavation_site
PRJEB31613,Equus caballus,Uppsala,uppsala,Uppsala,,supplementary_table,excavation_site
PRJEB31613,Equus caballus,Uushgiin Uvur,uushgiinuvur,Uushgiin Uvur,,supplementary_table,excavation_site
PRJEB31613,Equus caballus,"Vermand, rue De Gaulle",vermandruedegaulle,"Vermand, rue De Gaulle",,supplementary_table,excavation_site
PRJEB31613,Equus caballus,Vicerrectorado,vicerrectorado,Vicerrectorado,,supplementary_table,excavation_site
PRJEB31613,Equus caballus,Whitehall Roman Villa,whitehallromanvilla,Whitehall Roman Villa,,supplementary_table,excavation_site
PRJEB31613,Equus caballus,Witter Place,witterplace,Witter Place,,supplementary_table,excavation_site
PRJEB31613,Equus caballus,Yenikapi,yenikapi,Yenikapi,,supplementary_table,excavation_site
PRJEB31613,Equus caballus,Yerqorqan,yerqorqan,Yerqorqan,,supplementary_table,excavation_site
PRJEB31613,Equus caballus,Zhanaturmus,zhanaturmus,Zhanaturmus,,supplementary_table,excavation_site
PRJEB31613,Equus caballus,Šebastovce,šebastovce,Šebastovce,,supplementary_table,excavation_site
PRJEB31621,Bos taurus,Abu Gosh,abugosh,Abu Gosh,,supplementary_table,excavation_site
PRJEB31621,Bos taurus,Acemhöyük,acemhöyük,Acemhöyük,,supplementary_table,excavation_site
PRJEB31621,Bos taurus,Belovode-Veliko Laole,belovodevelikolaole,Belovode-Veliko Laole,,supplementary_table,excavation_site
PRJEB31621,Bos taurus,Bestansur,bestansur,Bestansur,,supplementary_table,excavation_site
PRJEB31621,Bos taurus,Blagotin,blagotin,Blagotin,,supplementary_table,excavation_site
PRJEB31621,Bos taurus,Bubanj,bubanj,Bubanj,,supplementary_table,excavation_site
PRJEB31621,Bos taurus,Dariali Tamara Fort,darialitamarafort,Dariali Tamara Fort,,supplementary_table,excavation_site
PRJEB31621,Bos taurus,Gilat,gilat,Gilat,,supplementary_table,excavation_site
PRJEB31621,Bos taurus,Gyumri,gyumri,Gyumri,,supplementary_table,excavation_site
PRJEB31621,Bos taurus,Hasanlu,hasanlu,Hasanlu,,supplementary_table,excavation_site
PRJEB31621,Bos taurus,Horvat Castra,horvatcastra,Horvat Castra,,supplementary_table,excavation_site
PRJEB31621,Bos taurus,Koktepe,koktepe,Koktepe,,supplementary_table,excavation_site
PRJEB31621,Bos taurus,"Kul Tepe, Azerbaijan",kultepeazerbaijan,"Kul Tepe, Azerbaijan",,supplementary_table,excavation_site
PRJEB31621,Bos taurus,Maral Tappeh,maraltappeh,Maral Tappeh,,supplementary_table,excavation_site
PRJEB31621,Bos taurus,Menteşe,menteşe,Menteşe,,supplementary_table,excavation_site
PRJEB31621,Bos taurus,"Mianroud, Fars",mianroudfars,"Mianroud, Fars",,supplementary_table,excavation_site
PRJEB31621,Bos taurus,Monjukli Depe,monjuklidepe,Monjukli Depe,,supplementary_table,excavation_site
PRJEB31621,Bos taurus,Nahal Tillah,nahaltillah,Nahal Tillah,,supplementary_table,excavation_site
PRJEB31621,Bos taurus,"Nishapur Kohandež, Central Khorasan",nishapurkohandežcentralkhorasan,"Nishapur Kohandež, Central Khorasan",,supplementary_table,excavation_site
PRJEB31621,Bos taurus,Pločnik,pločnik,Pločnik,,supplementary_table,excavation_site
PRJEB31621,Bos taurus,"Promachon, Serres",promachonserres,"Promachon, Serres",,supplementary_table,excavation_site
PRJEB31621,Bos taurus,"Sarakenos Cave, Boeotia",sarakenoscaveboeotia,"Sarakenos Cave, Boeotia",,supplementary_table,excavation_site
PRJEB31621,Bos taurus,Stubline,stubline,Stubline,,supplementary_table,excavation_site
PRJEB31621,Bos taurus,Suberde and Erbaba,suberdeanderbaba,Suberde and Erbaba,,supplementary_table,excavation_site
PRJEB31621,Bos taurus,Taghit Haddouch,taghithaddouch,Taghit Haddouch,,supplementary_table,excavation_site
PRJEB31621,Bos taurus,Tappeh-Sang-e-Chakhmaq,tappehsangechakhmaq,Tappeh-Sang-e-Chakhmaq,,supplementary_table,excavation_site
PRJEB31621,Bos taurus,Tel Ashqelon,telashqelon,Tel Ashqelon,,supplementary_table,excavation_site
PRJEB31621,Bos taurus,Tel Dan,teldan,Tel Dan,,supplementary_table,excavation_site
PRJEB31621,Bos taurus,Tel es-Qashish,telesqashish,Tel es-Qashish,,supplementary_table,excavation_site
PRJEB31621,Bos taurus,Tel es-Safi,telessafi,Tel es-Safi,,supplementary_table,excavation_site
PRJEB31621,Bos taurus,Tel Masos,telmasos,Tel Masos,,supplementary_table,excavation_site
PRJEB31621,Bos taurus,Tel Miqne-Ekron,telmiqneekron,Tel Miqne-Ekron,,supplementary_table,excavation_site
PRJEB31621,Bos taurus,Tel Yoqneam,telyoqneam,Tel Yoqneam,,supplementary_table,excavation_site
PRJEB31621,Bos taurus,Tel Zahara,telzahara,Tel Zahara,,supplementary_table,excavation_site
PRJEB31621,Bos taurus,Tel-Dalit,teldalit,Tel-Dalit,,supplementary_table,excavation_site
PRJEB31621,Bos taurus,Tel-Hreiz,telhreiz,Tel-Hreiz,,supplementary_table,excavation_site
PRJEB31621,Bos taurus,"Tepe Shizar, Qazvin",tepeshizarqazvin,"Tepe Shizar, Qazvin",,supplementary_table,excavation_site
PRJEB31621,Bos taurus,Tilla Bulak,tillabulak,Tilla Bulak,,supplementary_table,excavation_site
PRJEB31621,Bos taurus,Yerqurqan (Erkurgan),yerqurqanerkurgan,Yerqurqan (Erkurgan),,supplementary_table,excavation_site
PRJEB31621,Bos taurus,Çatalhöyük,çatalhöyük,Çatalhöyük,,supplementary_table,excavation_site
PRJEB36540,Ovis aries,Barcın Höyük,barcınhöyük,Barcın Höyük,,supplementary_table,excavation_site
PRJEB36540,Ovis aries,Boncuklu Höyük,boncukluhöyük,Boncuklu Höyük,,supplementary_table,excavation_site
PRJEB36540,Ovis aries,Canhasan III Höyüğü,canhasaniiihöyüğü,Canhasan III Höyüğü,,supplementary_table,excavation_site
PRJEB36540,Ovis aries,Pınarbaşı Höyük,pınarbaşıhöyük,Pınarbaşı Höyük,,supplementary_table,excavation_site
PRJEB36540,Ovis aries,Tepecik-Çiftlik Höyük,tepecikçiftlikhöyük,Tepecik-Çiftlik Höyük,,supplementary_table,excavation_site
PRJEB36540,Ovis aries,Ulucak Höyük,ulucakhöyük,Ulucak Höyük,,supplementary_table,excavation_site
PRJEB44430,Equus caballus,Acemhoyuk,acemhoyuk,Acemhoyuk,,supplementary_table,excavation_site
PRJEB44430,Equus caballus,Aleksandrovskoe IV,aleksandrovskoeiv,Aleksandrovskoe IV,,supplementary_table,excavation_site
PRJEB44430,Equus caballus,Algay,algay,Algay,,supplementary_table,excavation_site
PRJEB44430,Equus caballus,Althiburos,althiburos,Althiburos,,supplementary_table,excavation_site
PRJEB44430,Equus caballus,Arzhan-I,arzhani,Arzhan-I,,supplementary_table,excavation_site
PRJEB44430,Equus caballus,Arzhan-II,arzhanii,Arzhan-II,,supplementary_table,excavation_site
PRJEB44430,Equus caballus,Ashchisu,ashchisu,Ashchisu,,supplementary_table,excavation_site
PRJEB44430,Equus caballus,Asva,asva,Asva,,supplementary_table,excavation_site
PRJEB44430,Equus caballus,Aygurskiy 2,aygurskiy2,Aygurskiy 2,,supplementary_table,excavation_site
PRJEB44430,Equus caballus,Bad Pirawarth,badpirawarth,Bad Pirawarth,,supplementary_table,excavation_site
PRJEB44430,Equus caballus,Belkaragay,belkaragay,Belkaragay,,supplementary_table,excavation_site
PRJEB44430,Equus caballus,Bestamak,bestamak,Bestamak,,supplementary_table,excavation_site
PRJEB44430,Equus caballus,Bijke-V,bijkev,Bijke-V,,supplementary_table,excavation_site
PRJEB44430,Equus caballus,Bol'shekaraganskii,bolshekaraganskii,Bol'shekaraganskii,,supplementary_table,excavation_site
PRJEB44430,Equus caballus,Bor Shoroonii,borshoroonii,Bor Shoroonii,,supplementary_table,excavation_site
PRJEB44430,Equus caballus,Borly,borly,Borly,,supplementary_table,excavation_site
PRJEB44430,Equus caballus,Borly 4,borly4,Borly 4,,supplementary_table,excavation_site
PRJEB44430,Equus caballus,Botai,botai,Botai,,supplementary_table,excavation_site
PRJEB44430,Equus caballus,Burgast,burgast,Burgast,,supplementary_table,excavation_site
PRJEB44430,Equus caballus,Burial mound at Berezovaya mountain,burialmoundatberezovayamountain,Burial mound at Berezovaya mountain,,supplementary_table,excavation_site
PRJEB44430,Equus caballus,Březno,březno,Březno,,supplementary_table,excavation_site
PRJEB44430,Equus caballus,Chalk Hill,chalkhill,Chalk Hill,,supplementary_table,excavation_site
PRJEB44430,Equus caballus,Chinge-Tey-I,chingeteyi,Chinge-Tey-I,,supplementary_table,excavation_site
PRJEB44430,Equus caballus,Choburak-I,choburaki,Choburak-I,,supplementary_table,excavation_site
PRJEB44430,Equus caballus,Cova Fosca,covafosca,Cova Fosca,,supplementary_table,excavation_site
PRJEB44430,Equus caballus,Căscioarele,căscioarele,Căscioarele,,supplementary_table,excavation_site
PRJEB44430,Equus caballus,Divnogor'ye 9,divnogorye9,Divnogor'ye 9,,supplementary_table,excavation_site
PRJEB44430,Equus caballus,El Turuñuelo,elturuñuelo,El Turuñuelo,,supplementary_table,excavation_site
PRJEB44430,Equus caballus,Els Vilars,elsvilars,Els Vilars,,supplementary_table,excavation_site
PRJEB44430,Equus caballus,Etiolles,etiolles,Etiolles,,supplementary_table,excavation_site
PRJEB44430,Equus caballus,Ganga-Tsagaan Ereg,gangatsagaanereg,Ganga-Tsagaan Ereg,,supplementary_table,excavation_site
PRJEB44430,Equus caballus,Ginnerup,ginnerup,Ginnerup,,supplementary_table,excavation_site
PRJEB44430,Equus caballus,Gordinesti II,gordinestiii,Gordinesti II,,supplementary_table,excavation_site
PRJEB44430,Equus caballus,Halvai,halvai,Halvai,,supplementary_table,excavation_site
PRJEB44430,Equus caballus,Hohler Stein bei Schwabthal,hohlersteinbeischwabthal,Hohler Stein bei Schwabthal,,supplementary_table,excavation_site
PRJEB44430,Equus caballus,Holubice,holubice,Holubice,,supplementary_table,excavation_site
PRJEB44430,Equus caballus,Hyena's Lair,hyenaslair,Hyena's Lair,,supplementary_table,excavation_site
PRJEB44430,Equus caballus,Igue du Gral,iguedugral,Igue du Gral,,supplementary_table,excavation_site
PRJEB44430,Equus caballus,Kamennyi Ambar 5,kamennyiambar5,Kamennyi Ambar 5,,supplementary_table,excavation_site
PRJEB44430,Equus caballus,Kaposújlak-Várdomb,kaposújlakvárdomb,Kaposújlak-Várdomb,,supplementary_table,excavation_site
PRJEB44430,Equus caballus,Kazimierza Wielka 6,kazimierzawielka6,Kazimierza Wielka 6,,supplementary_table,excavation_site
PRJEB44430,Equus caballus,Kent,kent,Kent,,supplementary_table,excavation_site
PRJEB44430,Equus caballus,Kents cavern,kentscavern,Kents cavern,,supplementary_table,excavation_site
PRJEB44430,Equus caballus,Khantain-tov,khantaintov,Khantain-tov,,supplementary_table,excavation_site
PRJEB44430,Equus caballus,Kirklareli-Kanligecit,kirklarelikanligecit,Kirklareli-Kanligecit,,supplementary_table,excavation_site
PRJEB44430,Equus caballus,Kostenki,kostenki,Kostenki,,supplementary_table,excavation_site
PRJEB44430,Equus caballus,Kozhai,kozhai,Kozhai,,supplementary_table,excavation_site
PRJEB44430,Equus caballus,Krasnosamarskoye,krasnosamarskoye,Krasnosamarskoye,,supplementary_table,excavation_site
PRJEB44430,Equus caballus,Krasnyi Yar,krasnyiyar,Krasnyi Yar,,supplementary_table,excavation_site
PRJEB44430,Equus caballus,Kuyum,kuyum,Kuyum,,supplementary_table,excavation_site
PRJEB44430,Equus caballus,Köşk Höyük,köşkhöyük,Köşk Höyük,,supplementary_table,excavation_site
PRJEB44430,Equus caballus,La Monédière,lamonédière,La Monédière,,supplementary_table,excavation_site
PRJEB44430,Equus caballus,Le Closeau,lecloseau,Le Closeau,,supplementary_table,excavation_site
PRJEB44430,Equus caballus,Litovice,litovice,Litovice,,supplementary_table,excavation_site
PRJEB44430,Equus caballus,Magor,magor,Magor,,supplementary_table,excavation_site
PRJEB44430,Equus caballus,Medvezhiya cave,medvezhiyacave,Medvezhiya cave,,supplementary_table,excavation_site
PRJEB44430,Equus caballus,Michuruno I,michurunoi,Michuruno I,,supplementary_table,excavation_site
PRJEB44430,Equus caballus,Miciurin,miciurin,Miciurin,,supplementary_table,excavation_site
PRJEB44430,Equus caballus,Miechów 3,miechów3,Miechów 3,,supplementary_table,excavation_site
PRJEB44430,Equus caballus,Monostoy-Nuga,monostoynuga,Monostoy-Nuga,,supplementary_table,excavation_site
PRJEB44430,Equus caballus,Morin Mort,morinmort,Morin Mort,,supplementary_table,excavation_site
PRJEB44430,Equus caballus,Mozgawa 1-3,mozgawa13,Mozgawa 1-3,,supplementary_table,excavation_site
PRJEB44430,Equus caballus,Museum specimen,museumspecimen,Museum specimen,,supplementary_table,excavation_site
PRJEB44430,Equus caballus,Nandru Peștera Curată,nandrupeșteracurată,Nandru Peștera Curată,,supplementary_table,excavation_site
PRJEB44430,Equus caballus,Nikolskaya,nikolskaya,Nikolskaya,,supplementary_table,excavation_site
PRJEB44430,Equus caballus,Nitriansky Hrádok,nitrianskyhrádok,Nitriansky Hrádok,,supplementary_table,excavation_site
PRJEB44430,Equus caballus,Noviye Kluchi III,noviyekluchiiii,Noviye Kluchi III,,supplementary_table,excavation_site
PRJEB44430,Equus caballus,Novoilinka-III,novoilinkaiii,Novoilinka-III,,supplementary_table,excavation_site
PRJEB44430,Equus caballus,Novoilinka-VI,novoilinkavi,Novoilinka-VI,,supplementary_table,excavation_site
PRJEB44430,Equus caballus,Novoil’inovskiy 2,novoilinovskiy2,Novoil’inovskiy 2,,supplementary_table,excavation_site
PRJEB44430,Equus caballus,Oroshaemoe I,oroshaemoei,Oroshaemoe I,,supplementary_table,excavation_site
PRJEB44430,Equus caballus,Ouren,ouren,Ouren,,supplementary_table,excavation_site
PRJEB44430,Equus caballus,Pershinskaya,pershinskaya,Pershinskaya,,supplementary_table,excavation_site
PRJEB44430,Equus caballus,Pielgrzymowice 6,pielgrzymowice6,Pielgrzymowice 6,,supplementary_table,excavation_site
PRJEB44430,Equus caballus,Pietrele,pietrele,Pietrele,,supplementary_table,excavation_site
PRJEB44430,Equus caballus,Potapovka,potapovka,Potapovka,,supplementary_table,excavation_site
PRJEB44430,Equus caballus,Repin khutor,repinkhutor,Repin khutor,,supplementary_table,excavation_site
PRJEB44430,Equus caballus,Ridala,ridala,Ridala,,supplementary_table,excavation_site
PRJEB44430,Equus caballus,Sagzabad,sagzabad,Sagzabad,,supplementary_table,excavation_site
PRJEB44430,Equus caballus,Semenovka 1,semenovka1,Semenovka 1,,supplementary_table,excavation_site
PRJEB44430,Equus caballus,Serpievskaya,serpievskaya,Serpievskaya,,supplementary_table,excavation_site
PRJEB44430,Equus caballus,Shiderty III,shidertyiii,Shiderty III,,supplementary_table,excavation_site
PRJEB44430,Equus caballus,Shilikty 5,shilikty5,Shilikty 5,,supplementary_table,excavation_site
PRJEB44430,Equus caballus,Sholma-1,sholma1,Sholma-1,,supplementary_table,excavation_site
PRJEB44430,Equus caballus,Sigarra,sigarra,Sigarra,,supplementary_table,excavation_site
PRJEB44430,Equus caballus,Sintashta,sintashta,Sintashta,,supplementary_table,excavation_site
PRJEB44430,Equus caballus,Sosnovka,sosnovka,Sosnovka,,supplementary_table,excavation_site
PRJEB44430,Equus caballus,Stránská skála,stránskáskála,Stránská skála,,supplementary_table,excavation_site
PRJEB44430,Equus caballus,Tarquinia,tarquinia,Tarquinia,,supplementary_table,excavation_site
PRJEB44430,Equus caballus,Tatsyn Ereg,tatsynereg,Tatsyn Ereg,,supplementary_table,excavation_site
PRJEB44430,Equus caballus,Tepe Hasanlu,tepehasanlu,Tepe Hasanlu,,supplementary_table,excavation_site
PRJEB44430,Equus caballus,Tištín,tištín,Tištín,,supplementary_table,excavation_site
PRJEB44430,Equus caballus,Toušeň – Hradišťko,toušeňhradišťko,Toušeň – Hradišťko,,supplementary_table,excavation_site
PRJEB44430,Equus caballus,Tuchoměřice,tuchoměřice,Tuchoměřice,,supplementary_table,excavation_site
PRJEB44430,Equus caballus,Tuchoměřice – Kněžívka,tuchoměřicekněžívka,Tuchoměřice – Kněžívka,,supplementary_table,excavation_site
PRJEB44430,Equus caballus,Tureau des Gardes 6,tureaudesgardes6,Tureau des Gardes 6,,supplementary_table,excavation_site
PRJEB44430,Equus caballus,Turganik,turganik,Turganik,,supplementary_table,excavation_site
PRJEB44430,Equus caballus,Ulaan Tolgoi,ulaantolgoi,Ulaan Tolgoi,,supplementary_table,excavation_site
PRJEB44430,Equus caballus,Ullu,ullu,Ullu,,supplementary_table,excavation_site
PRJEB44430,Equus caballus,Ushgiin Uvur,ushgiinuvur,Ushgiin Uvur,,supplementary_table,excavation_site
PRJEB44430,Equus caballus,Utevka VI,utevkavi,Utevka VI,,supplementary_table,excavation_site
PRJEB44430,Equus caballus,Uvarovka II,uvarovkaii,Uvarovka II,,supplementary_table,excavation_site
PRJEB44430,Equus caballus,Varfolomeevka,varfolomeevka,Varfolomeevka,,supplementary_table,excavation_site
PRJEB44430,Equus caballus,Verkhnegubakhinskaya,verkhnegubakhinskaya,Verkhnegubakhinskaya,,supplementary_table,excavation_site
PRJEB44430,Equus caballus,Vliněves,vliněves,Vliněves,,supplementary_table,excavation_site
PRJEB44430,Equus caballus,Yana,yana,Yana,,supplementary_table,excavation_site
PRJEB44430,Equus caballus,Yukagir,yukagir,Yukagir,,supplementary_table,excavation_site
PRJEB44430,Equus caballus,Zambujal,zambujal,Zambujal,,supplementary_table,excavation_site
PRJEB44430,Equus caballus,Zeerdegchingiin Khoshuu,zeerdegchingiinkhoshuu,Zeerdegchingiin Khoshuu,,supplementary_table,excavation_site
PRJEB44430,Equus caballus,Zunii Gol,zuniigol,Zunii Gol,,supplementary_table,excavation_site
PRJEB44430,Equus caballus,Zuunkhangai 1,zuunkhangai1,Zuunkhangai 1,,supplementary_table,excavation_site
PRJEB44430,Equus caballus,Zuunkhangai 257,zuunkhangai257,Zuunkhangai 257,,supplementary_table,excavation_site
PRJEB44430,Equus caballus,Çadır Höyük,çadırhöyük,Çadır Höyük,,supplementary_table,excavation_site
PRJEB44430,Equus caballus,Černý Vůl,černývůl,Černý Vůl,,supplementary_table,excavation_site
PRJEB52849,Equus asinus,Africa to Europe and Asia donkey spread context,africatoeuropeandasiadonkeyspreadcontext,Africa to Europe and Asia donkey spread context,,archive_metadata,broader_locality
PRJEB52849,Equus asinus,North African donkey domestication and spread transect,northafricandonkeydomesticationandspreadtransect,North Africa and Levant dispersal extent;North African donkey domestication and spread transect,North Africa and Levant dispersal extent,archive_metadata;coordinate_resolution,broader_locality
PRJEB59481,Ovis aries,Kastelholm,kastelholm,Kastelholm,,supplementary_table,excavation_site
PRJEB59481,Ovis aries,Stora Förvar,storaförvar,Stora Förvar,,supplementary_table,excavation_site
PRJEB60484,Rangifer tarandus,Svalbard ancient reindeer context,svalbardancientreindeercontext,Svalbard ancient reindeer context;Svalbard archipelago,Svalbard archipelago,archive_metadata;coordinate_resolution,broader_locality
PRJEB60484,Rangifer tarandus,Svalbard archipelago reindeer context,svalbardarchipelagoreindeercontext,Svalbard archipelago reindeer context,,archive_metadata,broader_locality
PRJEB81815,Felis catus,"Alba Fucens -Cisterna (Fucino, Abruzzi)",albafucenscisternafucinoabruzzi,"Alba Fucens -Cisterna (Fucino, Abruzzi)",,supplementary_table,excavation_site
PRJEB81815,Felis catus,"Arene Candide (Finale Ligure, Savona, Liguria)",arenecandidefinaleliguresavonaliguria,"Arene Candide (Finale Ligure, Savona, Liguria)",,supplementary_table,excavation_site
PRJEB81815,Felis catus,Aşıklı Höyük,aşıklıhöyük,Aşıklı Höyük,,supplementary_table,excavation_site
PRJEB81815,Felis catus,Bademağacı,bademağacı,Bademağacı,,supplementary_table,excavation_site
PRJEB81815,Felis catus,Bank of Portugal,bankofportugal,Bank of Portugal,,supplementary_table,excavation_site
PRJEB81815,Felis catus,Bernhardsthal,bernhardsthal,Bernhardsthal,,supplementary_table,excavation_site
PRJEB81815,Felis catus,"Bremen; 201-Altstadt, Marktplatz",bremen201altstadtmarktplatz,"Bremen; 201-Altstadt, Marktplatz",,supplementary_table,excavation_site
PRJEB81815,Felis catus,"Bremen; 253-Altstadt, Am Wall",bremen253altstadtamwall,"Bremen; 253-Altstadt, Am Wall",,supplementary_table,excavation_site
PRJEB81815,Felis catus,Castiglione in Sabina,castiglioneinsabina,Castiglione in Sabina,,supplementary_table,excavation_site
PRJEB81815,Felis catus,"Cova de Els Trocs, Huesca",covadeelstrocshuesca,"Cova de Els Trocs, Huesca",,supplementary_table,excavation_site
PRJEB81815,Felis catus,Demircihüyük,demircihüyük,Demircihüyük,,supplementary_table,excavation_site
PRJEB81815,Felis catus,Durankulak,durankulak,Durankulak,,supplementary_table,excavation_site
PRJEB81815,Felis catus,Ecly,ecly,Ecly,,supplementary_table,excavation_site
PRJEB81815,Felis catus,Galgenbühel/Dos de la Forca-Salorno,galgenbüheldosdelaforcasalorno,Galgenbühel/Dos de la Forca-Salorno,,supplementary_table,excavation_site
PRJEB81815,Felis catus,"Genoni Santu Antine, Sardinia",genonisantuantinesardinia,"Genoni Santu Antine, Sardinia",,supplementary_table,excavation_site
PRJEB81815,Felis catus,"Glencurran Cave, Co. Clare",glencurrancavecoclare,"Glencurran Cave, Co. Clare",,supplementary_table,excavation_site
PRJEB81815,Felis catus,"Graffignano (Viterbo, Latium)",graffignanoviterbolatium,"Graffignano (Viterbo, Latium)",,supplementary_table,excavation_site
PRJEB81815,Felis catus,"Grotta del Cocci (Narni, Umbria)",grottadelcoccinarniumbria,"Grotta del Cocci (Narni, Umbria)",,supplementary_table,excavation_site
PRJEB81815,Felis catus,"Haithabu, settlement area",haithabusettlementarea,"Haithabu, settlement area",,supplementary_table,excavation_site
PRJEB81815,Felis catus,Iznik - Roman theatre,iznikromantheatre,Iznik - Roman theatre,,supplementary_table,excavation_site
PRJEB81815,Felis catus,Kassope,kassope,Kassope,,supplementary_table,excavation_site
PRJEB81815,Felis catus,Koprivec,koprivec,Koprivec,,supplementary_table,excavation_site
PRJEB81815,Felis catus,Labastida,labastida,Labastida,,supplementary_table,excavation_site
PRJEB81815,Felis catus,Lauchheim-Mittelhofen,lauchheimmittelhofen,Lauchheim-Mittelhofen,,supplementary_table,excavation_site
PRJEB81815,Felis catus,Mautern - vicus Ost,mauternvicusost,Mautern - vicus Ost,,supplementary_table,excavation_site
PRJEB81815,Felis catus,Menteşe,menteşe,Menteşe,,supplementary_table,excavation_site
PRJEB81815,Felis catus,"Musarna (Viterbo, Latium)",musarnaviterbolatium,"Musarna (Viterbo, Latium)",,supplementary_table,excavation_site
PRJEB81815,Felis catus,Nardò “torre santa Caterina”,nardòtorresantacaterina,Nardò “torre santa Caterina”,,supplementary_table,excavation_site
PRJEB81815,Felis catus,North Africa to Europe cat population context,northafricatoeuropecatpopulationcontext,North Africa to Europe cat population context;North Africa to Europe dispersal extent,North Africa to Europe dispersal extent,article_text;coordinate_resolution,broader_locality
PRJEB81815,Felis catus,"nuraghe Flumenelongu, Sardinia",nuragheflumenelongusardinia,"nuraghe Flumenelongu, Sardinia",,supplementary_table,excavation_site
PRJEB81815,Felis catus,Padova Via Cesare Battisti (Veneto),padovaviacesarebattistiveneto,Padova Via Cesare Battisti (Veneto),,supplementary_table,excavation_site
PRJEB81815,Felis catus,Palatino North East slope (Rome),palatinonortheastsloperome,Palatino North East slope (Rome),,supplementary_table,excavation_site
PRJEB81815,Felis catus,Palmela Castle,palmelacastle,Palmela Castle,,supplementary_table,excavation_site
PRJEB81815,Felis catus,Parco delle Dolomiti Lucane,parcodelledolomitilucane,Parco delle Dolomiti Lucane,,supplementary_table,excavation_site
PRJEB81815,Felis catus,"Parking 58, Brussels",parking58brussels,"Parking 58, Brussels",,supplementary_table,excavation_site
PRJEB81815,Felis catus,Partanna C. da Capo d'acqua,partannacdacapodacqua,Partanna C. da Capo d'acqua,,supplementary_table,excavation_site
PRJEB81815,Felis catus,Petronell-Carnuntum,petronellcarnuntum,Petronell-Carnuntum,,supplementary_table,excavation_site
PRJEB81815,Felis catus,"Pomorie, Forestry station (Поморие, горско стопанство)",pomorieforestrystationпомориегорскостопанство,"Pomorie, Forestry station (Поморие, горско стопанство)",,supplementary_table,excavation_site
PRJEB81815,Felis catus,Probabilly Sicily,probabillysicily,Probabilly Sicily,,supplementary_table,excavation_site
PRJEB81815,Felis catus,"Roca vecchia (Melendugno, Lecce)",rocavecchiamelendugnolecce,"Roca vecchia (Melendugno, Lecce)",,supplementary_table,excavation_site
PRJEB81815,Felis catus,"Rome, S. Cecilia in Trastevere",romesceciliaintrastevere,"Rome, S. Cecilia in Trastevere",,supplementary_table,excavation_site
PRJEB81815,Felis catus,"Rugo Storto, Fanna, PN",rugostortofannapn,"Rugo Storto, Fanna, PN",,supplementary_table,excavation_site
PRJEB81815,Felis catus,Sagalassos,sagalassos,Sagalassos,,supplementary_table,excavation_site
PRJEB81815,Felis catus,Salzburg - Residenz,salzburgresidenz,Salzburg - Residenz,,supplementary_table,excavation_site
PRJEB81815,Felis catus,"Saracena (Cosenza, Calabria)",saracenacosenzacalabria,"Saracena (Cosenza, Calabria)",,supplementary_table,excavation_site
PRJEB81815,Felis catus,Sardinia,sardinia,Sardinia,,supplementary_table,excavation_site
PRJEB81815,Felis catus,"Sardinia, Monte Arcosu",sardiniamontearcosu,"Sardinia, Monte Arcosu",,supplementary_table,excavation_site
PRJEB81815,Felis catus,"Sardinia, Nuoro - around Bitti",sardinianuoroaroundbitti,"Sardinia, Nuoro - around Bitti",,supplementary_table,excavation_site
PRJEB81815,Felis catus,"Sassari, palazzo ducale, Sardinia",sassaripalazzoducalesardinia,"Sassari, palazzo ducale, Sardinia",,supplementary_table,excavation_site
PRJEB81815,Felis catus,"Sicily, monti Nebrodi",sicilymontinebrodi,"Sicily, monti Nebrodi",,supplementary_table,excavation_site
PRJEB81815,Felis catus,"Tabernas, Spain",tabernasspain,"Tabernas, Spain",,supplementary_table,excavation_site
PRJEB81815,Felis catus,"Tertenia, Sardinia",terteniasardinia,"Tertenia, Sardinia",,supplementary_table,excavation_site
PRJEB81815,Felis catus,"Tongeren, Industrie Oost",tongerenindustrieoost,"Tongeren, Industrie Oost",,supplementary_table,excavation_site
PRJEB81815,Felis catus,Traismauer,traismauer,Traismauer,,supplementary_table,excavation_site
PRJEB81815,Felis catus,Tuscany,tuscany,Tuscany,,supplementary_table,excavation_site
PRJEB81815,Felis catus,Tuscany - Maremma - Bivio Gavorrano,tuscanymaremmabiviogavorrano,Tuscany - Maremma - Bivio Gavorrano,,supplementary_table,excavation_site
PRJEB81815,Felis catus,Umbria - Perugia - Cascia,umbriaperugiacascia,Umbria - Perugia - Cascia,,supplementary_table,excavation_site
PRJEB81815,Felis catus,Umbria - Perugia - Vallo di Nera,umbriaperugiavallodinera,Umbria - Perugia - Vallo di Nera,,supplementary_table,excavation_site
PRJEB81815,Felis catus,"village Belene, Svishtov district (с. Белене, Свищовско)",villagebelenesvishtovdistrictсбеленесвищовско,"village Belene, Svishtov district (с. Белене, Свищовско)",,supplementary_table,excavation_site
PRJEB81815,Felis catus,Viminacium-Nad Klepačkom,viminaciumnadklepačkom,Viminacium-Nad Klepačkom,,supplementary_table,excavation_site
PRJEB81815,Felis catus,Viminacium/Amphitheatre,viminaciumamphitheatre,Viminacium/Amphitheatre,,supplementary_table,excavation_site
PRJEB81815,Felis catus,"Yenikapı, Marmaray exc.",yenikapımarmarayexc,"Yenikapı, Marmaray exc.",,supplementary_table,excavation_site
PRJEB90141,Capra hircus,Acemhöyük,acemhöyük,Acemhöyük,,supplementary_table,excavation_site
PRJEB90141,Capra hircus,Blagotin-Poljna,blagotinpoljna,Blagotin-Poljna,,supplementary_table,excavation_site
PRJEB90141,Capra hircus,Direkli Cave,direklicave,Direkli Cave,,supplementary_table,excavation_site
PRJEB90141,Capra hircus,Sang-e Chakhmaq,sangechakhmaq,Sang-e Chakhmaq,,supplementary_table,excavation_site
PRJEB90261,Capra hircus,Aguadulce,aguadulce,Aguadulce,,supplementary_table,excavation_site
PRJEB90261,Capra hircus,Belmaco,belmaco,Belmaco,,supplementary_table,excavation_site
PRJEB90261,Capra hircus,Buracas,buracas,Buracas,,supplementary_table,excavation_site
PRJEB90261,Capra hircus,Caserones,caserones,Caserones,,supplementary_table,excavation_site
PRJEB90261,Capra hircus,Cueva de Bencomo,cuevadebencomo,Cueva de Bencomo,,supplementary_table,excavation_site
PRJEB90261,Capra hircus,Cueva de la Herradura,cuevadelaherradura,Cueva de la Herradura,,supplementary_table,excavation_site
PRJEB90261,Capra hircus,Cueva de Villaverde,cuevadevillaverde,Cueva de Villaverde,,supplementary_table,excavation_site
PRJEB90261,Capra hircus,Cuevas de Herrera González,cuevasdeherreragonzález,Cuevas de Herrera González,,supplementary_table,excavation_site
PRJEB90261,Capra hircus,El Chorrillo,elchorrillo,El Chorrillo,,supplementary_table,excavation_site
PRJEB90261,Capra hircus,El Lomito del Medio,ellomitodelmedio,El Lomito del Medio,,supplementary_table,excavation_site
PRJEB90261,Capra hircus,El Portalón,elportalón,El Portalón,,supplementary_table,excavation_site
PRJEB90261,Capra hircus,El Tendal,eltendal,El Tendal,,supplementary_table,excavation_site
PRJEB90261,Capra hircus,Fiquinineo,fiquinineo,Fiquinineo,,supplementary_table,excavation_site
PRJEB90261,Capra hircus,Hospital de San Martin - Calle San Marcial,hospitaldesanmartincallesanmarcial,Hospital de San Martin - Calle San Marcial,,supplementary_table,excavation_site
PRJEB90261,Capra hircus,La Cañada de la Gurona,lacañadadelagurona,La Cañada de la Gurona,,supplementary_table,excavation_site
PRJEB90261,Capra hircus,La Fortaleza,lafortaleza,La Fortaleza,,supplementary_table,excavation_site
PRJEB90261,Capra hircus,Llano del Sombrero,llanodelsombrero,Llano del Sombrero,,supplementary_table,excavation_site
PRJEB90261,Capra hircus,Lobos,lobos,Lobos,,supplementary_table,excavation_site
PRJEB90261,Capra hircus,Los Riscos de Ifara,losriscosdeifara,Los Riscos de Ifara,,supplementary_table,excavation_site
PRJEB90261,Capra hircus,Playa Chica,playachica,Playa Chica,,supplementary_table,excavation_site
PRJEB90261,Capra hircus,Punta del Mallorquín,puntadelmallorquín,Punta del Mallorquín,,supplementary_table,excavation_site
PRJEB90261,Capra hircus,Tigalate,tigalate,Tigalate,,supplementary_table,excavation_site
PRJNA1178732,Felis catus,Han Chang'an City,hanchangancity,Han Chang'an City,,supplementary_table,excavation_site
PRJNA1178732,Felis catus,Huoshiliang,huoshiliang,Huoshiliang,,supplementary_table,excavation_site
PRJNA1178732,Felis catus,Laoniupo,laoniupo,Laoniupo,,supplementary_table,excavation_site
PRJNA1178732,Felis catus,Puyang Song Tomb,puyangsongtomb,Puyang Song Tomb,,supplementary_table,excavation_site
PRJNA1178732,Felis catus,Quanhucun,quanhucun,Quanhucun,,supplementary_table,excavation_site
PRJNA1178732,Felis catus,Shaliangzi,shaliangzi,Shaliangzi,,supplementary_table,excavation_site
PRJNA1178732,Felis catus,Tongwan City,tongwancity,Tongwan City,,supplementary_table,excavation_site
PRJNA1178732,Felis catus,Wuzhuangguoliang,wuzhuangguoliang,Wuzhuangguoliang,,supplementary_table,excavation_site
PRJNA1178732,Felis catus,Xinjie,xinjie,Xinjie,,supplementary_table,excavation_site
PRJNA1178732,Felis catus,Xinxiang Song Tomb,xinxiangsongtomb,Xinxiang Song Tomb,,supplementary_table,excavation_site
PRJNA1178732,Felis catus,Xitucheng City,xituchengcity,Xitucheng City,,supplementary_table,excavation_site
PRJNA1178732,Felis catus,Yangling,yangling,Yangling,,supplementary_table,excavation_site
PRJNA1178732,Felis catus,Zheng and Han City,zhengandhancity,Zheng and Han City,,supplementary_table,excavation_site
PRJNA1178732,Felis catus,Zhengzhoushang City,zhengzhoushangcity,Zhengzhoushang City,,supplementary_table,excavation_site
PRJNA1328209,Capra hircus,Lake Qinghai Basin,lakeqinghaibasin,Lake Qinghai Basin;Lake Qinghai basin,Lake Qinghai basin,article_text;supplementary_table,broader_locality
PRJNA1328209,Capra hircus,Lake Qinghai Basin ancient goat context,lakeqinghaibasinancientgoatcontext,"Lake Qinghai Basin ancient goat context;Lake Qinghai Basin, Qinghai-Xizang Plateau","Lake Qinghai Basin, Qinghai-Xizang Plateau",article_text;coordinate_resolution,broader_locality
PRJNA705960,Bos taurus,different mountain caves in Galicia,differentmountaincavesingalicia,different mountain caves in Galicia,,archive_metadata,broader_locality
PRJNA705960,Bos taurus,Galician mountain cave cattle context,galicianmountaincavecattlecontext,"Galicia, Spain;Galician mountain cave cattle context","Galicia, Spain",archive_metadata;coordinate_resolution,broader_locality
SRP073444,Camelus dromedarius,Site 1040 near Wadi Halfa,site1040nearwadihalfa,Site 1040 near Wadi Halfa,,article_text,country
SRP073444,Camelus dromedarius,Site 1040 near Wadi Halfa dromedary context,site1040nearwadihalfadromedarycontext,Site 1040 near Wadi Halfa dromedary context;Wadi Halfa,Wadi Halfa,article_text;coordinate_resolution,broader_locality;country
SRS1407451,Canis lupus familiaris,Ancient European dog CTC sample context,ancienteuropeandogctcsamplecontext,Ancient European dog CTC sample context;Central Europe multi-site dog context,Central Europe multi-site dog context,article_text;coordinate_resolution,broader_locality
SRS1407451,Canis lupus familiaris,Herxheim and Cherry Tree Cave ancient dog contexts,herxheimandcherrytreecaveancientdogcontexts,Herxheim and Cherry Tree Cave ancient dog contexts,,article_text,broader_locality
SRS1407453,Canis lupus familiaris,Herxheim,herxheim,Herxheim,,archive_metadata,excavation_site
