artifact_id,artifact_kind,label,source_url,local_path,fetch_status,remote_note,project_accessions,paper_doi,content_type,byte_size,storage_path,storage_byte_size,content_encoding
PRJEB10854:archive_metadata.html,archive_metadata_html,archive metadata page,"https://www.ebi.ac.uk/ena/portal/api/filereport?accession=PRJEB10854&result=read_run&fields=study_accession,sample_accession,experiment_accession,run_accession,tax_id,scientific_name,library_layout,library_source,library_strategy,instrument_model,base_count,read_count,fastq_bytes,fastq_ftp,submitted_ftp,sra_ftp&format=tsv&download=true&limit=0",adna/governance/source_library/projects/PRJEB10854/archive_metadata.html,archived,Archive-facing metadata page captured for the tracked accession.,PRJEB10854,,text/plain,97596,adna/governance/source_library/projects/PRJEB10854/archive_metadata.html.gz,12402,gzip
PRJEB43564:archive_metadata.html,archive_metadata_html,archive metadata page,"https://www.ebi.ac.uk/ena/portal/api/filereport?accession=PRJEB43564&result=read_run&fields=study_accession,sample_accession,experiment_accession,run_accession,tax_id,scientific_name,library_layout,library_source,library_strategy,instrument_model,base_count,read_count,fastq_bytes,fastq_ftp,submitted_ftp,sra_ftp&format=tsv&download=true&limit=0",adna/governance/source_library/projects/PRJEB43564/archive_metadata.html,archived,Archive-facing metadata page captured for the tracked accession.,PRJEB43564,,text/plain,39806,adna/governance/source_library/projects/PRJEB43564/archive_metadata.html.gz,5242,gzip
PRJEB50952:archive_metadata.html,archive_metadata_html,archive metadata page,"https://www.ebi.ac.uk/ena/portal/api/filereport?accession=PRJEB50952&result=read_run&fields=study_accession,sample_accession,experiment_accession,run_accession,tax_id,scientific_name,library_layout,library_source,library_strategy,instrument_model,base_count,read_count,fastq_bytes,fastq_ftp,submitted_ftp,sra_ftp&format=tsv&download=true&limit=0",adna/governance/source_library/projects/PRJEB50952/archive_metadata.html,archived,Archive-facing metadata page captured for the tracked accession.,PRJEB50952,,text/plain,37367,adna/governance/source_library/projects/PRJEB50952/archive_metadata.html.gz,4734,gzip
PRJEB52590:archive_metadata.html,archive_metadata_html,archive metadata page,"https://www.ebi.ac.uk/ena/portal/api/filereport?accession=PRJEB52590&result=read_run&fields=study_accession,sample_accession,experiment_accession,run_accession,tax_id,scientific_name,library_layout,library_source,library_strategy,instrument_model,base_count,read_count,fastq_bytes,fastq_ftp,submitted_ftp,sra_ftp&format=tsv&download=true&limit=0",adna/governance/source_library/projects/PRJEB52590/archive_metadata.html,archived,Archive-facing metadata page captured for the tracked accession.,PRJEB52590,,text/plain,257744,adna/governance/source_library/projects/PRJEB52590/archive_metadata.html.gz,32007,gzip
PRJEB52849:archive_metadata.html,archive_metadata_html,archive metadata page,"https://www.ebi.ac.uk/ena/portal/api/filereport?accession=PRJEB52849&result=read_run&fields=study_accession,sample_accession,experiment_accession,run_accession,tax_id,scientific_name,library_layout,library_source,library_strategy,instrument_model,base_count,read_count,fastq_bytes,fastq_ftp,submitted_ftp,sra_ftp&format=tsv&download=true&limit=0",adna/governance/source_library/projects/PRJEB52849/archive_metadata.html,archived,Archive-facing metadata page captured for the tracked accession.,PRJEB52849,,text/plain,424356,adna/governance/source_library/projects/PRJEB52849/archive_metadata.html.gz,53446,gzip
PRJEB55549:archive_metadata.html,archive_metadata_html,archive metadata page,"https://www.ebi.ac.uk/ena/portal/api/filereport?accession=PRJEB55549&result=analysis&fields=study_accession,sample_accession,experiment_accession,analysis_accession,analysis_type,tax_id,scientific_name,submitted_ftp,bam_ftp&format=tsv&download=true&limit=0",adna/governance/source_library/projects/PRJEB55549/archive_metadata.html,missing,Archive-facing metadata page captured for the tracked accession.,PRJEB55549,,,,,,
PRJEB56293:archive_metadata.html,archive_metadata_html,archive metadata page,"https://www.ebi.ac.uk/ena/portal/api/filereport?accession=PRJEB56293&result=read_run&fields=study_accession,sample_accession,experiment_accession,run_accession,tax_id,scientific_name,library_layout,library_source,library_strategy,instrument_model,base_count,read_count,fastq_bytes,fastq_ftp,submitted_ftp,sra_ftp&format=tsv&download=true&limit=0",adna/governance/source_library/projects/PRJEB56293/archive_metadata.html,archived,Archive-facing metadata page captured for the tracked accession.,PRJEB56293,,text/plain,18921,adna/governance/source_library/projects/PRJEB56293/archive_metadata.html.gz,2650,gzip
PRJEB57293:archive_metadata.html,archive_metadata_html,archive metadata page,"https://www.ebi.ac.uk/ena/portal/api/filereport?accession=PRJEB57293&result=read_run&fields=study_accession,sample_accession,experiment_accession,run_accession,tax_id,scientific_name,library_layout,library_source,library_strategy,instrument_model,base_count,read_count,fastq_bytes,fastq_ftp,submitted_ftp,sra_ftp&format=tsv&download=true&limit=0",adna/governance/source_library/projects/PRJEB57293/archive_metadata.html,archived,Archive-facing metadata page captured for the tracked accession.,PRJEB57293,,text/plain,76195,adna/governance/source_library/projects/PRJEB57293/archive_metadata.html.gz,10271,gzip
PRJEB61721:archive_metadata.html,archive_metadata_html,archive metadata page,"https://www.ebi.ac.uk/ena/portal/api/filereport?accession=PRJEB61721&result=read_run&fields=study_accession,sample_accession,experiment_accession,run_accession,tax_id,scientific_name,library_layout,library_source,library_strategy,instrument_model,base_count,read_count,fastq_bytes,fastq_ftp,submitted_ftp,sra_ftp&format=tsv&download=true&limit=0",adna/governance/source_library/projects/PRJEB61721/archive_metadata.html,archived,Archive-facing metadata page captured for the tracked accession.,PRJEB61721,,text/plain,76233,adna/governance/source_library/projects/PRJEB61721/archive_metadata.html.gz,9871,gzip
PRJEB61808:archive_metadata.html,archive_metadata_html,archive metadata page,"https://www.ebi.ac.uk/ena/portal/api/filereport?accession=PRJEB61808&result=read_run&fields=study_accession,sample_accession,experiment_accession,run_accession,tax_id,scientific_name,library_layout,library_source,library_strategy,instrument_model,base_count,read_count,fastq_bytes,fastq_ftp,submitted_ftp,sra_ftp&format=tsv&download=true&limit=0",adna/governance/source_library/projects/PRJEB61808/archive_metadata.html,archived,Archive-facing metadata page captured for the tracked accession.,PRJEB61808,,text/plain,214831,adna/governance/source_library/projects/PRJEB61808/archive_metadata.html.gz,32583,gzip
PRJEB69690:archive_metadata.html,archive_metadata_html,archive metadata page,"https://www.ebi.ac.uk/ena/portal/api/filereport?accession=PRJEB69690&result=read_run&fields=study_accession,sample_accession,experiment_accession,run_accession,tax_id,scientific_name,library_layout,library_source,library_strategy,instrument_model,base_count,read_count,fastq_bytes,fastq_ftp,submitted_ftp,sra_ftp&format=tsv&download=true&limit=0",adna/governance/source_library/projects/PRJEB69690/archive_metadata.html,archived,Archive-facing metadata page captured for the tracked accession.,PRJEB69690,,text/plain,29700,adna/governance/source_library/projects/PRJEB69690/archive_metadata.html.gz,4889,gzip
PRJEB7537:archive_metadata.html,archive_metadata_html,archive metadata page,"https://www.ebi.ac.uk/ena/portal/api/filereport?accession=PRJEB7537&result=read_run&fields=study_accession,sample_accession,experiment_accession,run_accession,tax_id,scientific_name,library_layout,library_source,library_strategy,instrument_model,base_count,read_count,fastq_bytes,fastq_ftp,submitted_ftp,sra_ftp&format=tsv&download=true&limit=0",adna/governance/source_library/projects/PRJEB7537/archive_metadata.html,archived,Archive-facing metadata page captured for the tracked accession.,PRJEB7537,,text/plain,22259,adna/governance/source_library/projects/PRJEB7537/archive_metadata.html.gz,3378,gzip
PRJEB81145:archive_metadata.html,archive_metadata_html,archive metadata page,"https://www.ebi.ac.uk/ena/portal/api/filereport?accession=PRJEB81145&result=read_run&fields=study_accession,sample_accession,experiment_accession,run_accession,tax_id,scientific_name,library_layout,library_source,library_strategy,instrument_model,base_count,read_count,fastq_bytes,fastq_ftp,submitted_ftp,sra_ftp&format=tsv&download=true&limit=0",adna/governance/source_library/projects/PRJEB81145/archive_metadata.html,archived,Archive-facing metadata page captured for the tracked accession.,PRJEB81145,,text/plain,2810,adna/governance/source_library/projects/PRJEB81145/archive_metadata.html.gz,687,gzip
PRJEB9799:archive_metadata.html,archive_metadata_html,archive metadata page,"https://www.ebi.ac.uk/ena/portal/api/filereport?accession=PRJEB9799&result=read_run&fields=study_accession,sample_accession,experiment_accession,run_accession,tax_id,scientific_name,library_layout,library_source,library_strategy,instrument_model,base_count,read_count,fastq_bytes,fastq_ftp,submitted_ftp,sra_ftp&format=tsv&download=true&limit=0",adna/governance/source_library/projects/PRJEB9799/archive_metadata.html,archived,Archive-facing metadata page captured for the tracked accession.,PRJEB9799,,text/plain,2963,adna/governance/source_library/projects/PRJEB9799/archive_metadata.html.gz,754,gzip
PRJNA421430:archive_metadata.html,archive_metadata_html,archive metadata page,"https://www.ebi.ac.uk/ena/portal/api/filereport?accession=PRJNA421430&result=read_run&fields=study_accession,sample_accession,experiment_accession,run_accession,tax_id,scientific_name,library_layout,library_source,library_strategy,instrument_model,base_count,read_count,fastq_bytes,fastq_ftp,submitted_ftp,sra_ftp&format=tsv&download=true&limit=0",adna/governance/source_library/projects/PRJNA421430/archive_metadata.html,archived,Archive-facing metadata page captured for the tracked accession.,PRJNA421430,,text/plain,4411,adna/governance/source_library/projects/PRJNA421430/archive_metadata.html.gz,918,gzip
PRJNA634908:archive_metadata.html,archive_metadata_html,archive metadata page,https://www.ncbi.nlm.nih.gov/bioproject/PRJNA634908,adna/governance/source_library/projects/PRJNA634908/archive_metadata.html,archived,Archive-facing metadata page captured for the tracked accession.,PRJNA634908,,text/html; charset=UTF-8,56901,adna/governance/source_library/projects/PRJNA634908/archive_metadata.html.gz,13676,gzip
PRJNA705960:archive_metadata.html,archive_metadata_html,archive metadata page,"https://www.ebi.ac.uk/ena/portal/api/filereport?accession=PRJNA705960&result=read_run&fields=study_accession,sample_accession,experiment_accession,run_accession,tax_id,scientific_name,library_layout,library_source,library_strategy,instrument_model,base_count,read_count,fastq_bytes,fastq_ftp,submitted_ftp,sra_ftp&format=tsv&download=true&limit=0",adna/governance/source_library/projects/PRJNA705960/archive_metadata.html,archived,Archive-facing metadata page captured for the tracked accession.,PRJNA705960,,text/plain,3535,adna/governance/source_library/projects/PRJNA705960/archive_metadata.html.gz,808,gzip
PRJNA788987:archive_metadata.html,archive_metadata_html,archive metadata page,"https://www.ebi.ac.uk/ena/portal/api/filereport?accession=PRJNA788987&result=read_run&fields=study_accession,sample_accession,experiment_accession,run_accession,tax_id,scientific_name,library_layout,library_source,library_strategy,instrument_model,base_count,read_count,fastq_bytes,fastq_ftp,submitted_ftp,sra_ftp&format=tsv&download=true&limit=0",adna/governance/source_library/projects/PRJNA788987/archive_metadata.html,archived,Archive-facing metadata page captured for the tracked accession.,PRJNA788987,,text/plain,1638,adna/governance/source_library/projects/PRJNA788987/archive_metadata.html.gz,525,gzip
PRJNA878488:archive_metadata.html,archive_metadata_html,archive metadata page,"https://www.ebi.ac.uk/ena/portal/api/filereport?accession=PRJNA878488&result=read_run&fields=study_accession,sample_accession,experiment_accession,run_accession,tax_id,scientific_name,library_layout,library_source,library_strategy,instrument_model,base_count,read_count,fastq_bytes,fastq_ftp,submitted_ftp,sra_ftp&format=tsv&download=true&limit=0",adna/governance/source_library/projects/PRJNA878488/archive_metadata.html,archived,Archive-facing metadata page captured for the tracked accession.,PRJNA878488,,text/plain,3950,adna/governance/source_library/projects/PRJNA878488/archive_metadata.html.gz,856,gzip
10.1016-j.cell.2019.03.049:1-s2.0-S0092867419303848-mmc1.xlsx,supplementary_table,curated supplementary asset 1-s2.0-S0092867419303848-mmc1.xlsx,https://pmc.ncbi.nlm.nih.gov/articles/PMC6547883/,adna/governance/source_library/papers/10.1016-j.cell.2019.03.049/supplementary/1-s2.0-S0092867419303848-mmc1.xlsx,archived,Recovered from the local DOI-keyed supplement stash and copied into the governed source library.,PRJEB31613,10.1016/j.cell.2019.03.049,application/vnd.openxmlformats-officedocument.spreadsheetml.sheet,81103,adna/governance/source_library/papers/10.1016-j.cell.2019.03.049/supplementary/1-s2.0-S0092867419303848-mmc1.xlsx,,
10.1016-j.cell.2019.03.049:1-s2.0-S0092867419303848-mmc2.xlsx,supplementary_table,curated supplementary asset 1-s2.0-S0092867419303848-mmc2.xlsx,https://pmc.ncbi.nlm.nih.gov/articles/PMC6547883/,adna/governance/source_library/papers/10.1016-j.cell.2019.03.049/supplementary/1-s2.0-S0092867419303848-mmc2.xlsx,archived,Recovered from the local DOI-keyed supplement stash and copied into the governed source library.,PRJEB31613,10.1016/j.cell.2019.03.049,application/vnd.openxmlformats-officedocument.spreadsheetml.sheet,51312,adna/governance/source_library/papers/10.1016-j.cell.2019.03.049/supplementary/1-s2.0-S0092867419303848-mmc2.xlsx,,
10.1016-j.cell.2019.03.049:1-s2.0-S0092867419303848-mmc3.xlsx,supplementary_table,curated supplementary asset 1-s2.0-S0092867419303848-mmc3.xlsx,https://pmc.ncbi.nlm.nih.gov/articles/PMC6547883/,adna/governance/source_library/papers/10.1016-j.cell.2019.03.049/supplementary/1-s2.0-S0092867419303848-mmc3.xlsx,archived,Recovered from the local DOI-keyed supplement stash and copied into the governed source library.,PRJEB31613,10.1016/j.cell.2019.03.049,application/vnd.openxmlformats-officedocument.spreadsheetml.sheet,52635,adna/governance/source_library/papers/10.1016-j.cell.2019.03.049/supplementary/1-s2.0-S0092867419303848-mmc3.xlsx,,
10.1016-j.cell.2019.03.049:1-s2.0-S0092867419303848-mmc4.xlsx,supplementary_table,curated supplementary asset 1-s2.0-S0092867419303848-mmc4.xlsx,https://pmc.ncbi.nlm.nih.gov/articles/PMC6547883/,adna/governance/source_library/papers/10.1016-j.cell.2019.03.049/supplementary/1-s2.0-S0092867419303848-mmc4.xlsx,archived,Recovered from the local DOI-keyed supplement stash and copied into the governed source library.,PRJEB31613,10.1016/j.cell.2019.03.049,application/vnd.openxmlformats-officedocument.spreadsheetml.sheet,103700,adna/governance/source_library/papers/10.1016-j.cell.2019.03.049/supplementary/1-s2.0-S0092867419303848-mmc4.xlsx,,
10.1016-j.cell.2019.03.049:1-s2.0-S0092867419303848-mmc5.xlsx,supplementary_table,curated supplementary asset 1-s2.0-S0092867419303848-mmc5.xlsx,https://pmc.ncbi.nlm.nih.gov/articles/PMC6547883/,adna/governance/source_library/papers/10.1016-j.cell.2019.03.049/supplementary/1-s2.0-S0092867419303848-mmc5.xlsx,archived,Recovered from the local DOI-keyed supplement stash and copied into the governed source library.,PRJEB31613,10.1016/j.cell.2019.03.049,application/vnd.openxmlformats-officedocument.spreadsheetml.sheet,47856,adna/governance/source_library/papers/10.1016-j.cell.2019.03.049/supplementary/1-s2.0-S0092867419303848-mmc5.xlsx,,
10.1016-j.cell.2019.03.049:1-s2.0-S0092867419303848-mmc6.xlsx,supplementary_table,curated supplementary asset 1-s2.0-S0092867419303848-mmc6.xlsx,https://pmc.ncbi.nlm.nih.gov/articles/PMC6547883/,adna/governance/source_library/papers/10.1016-j.cell.2019.03.049/supplementary/1-s2.0-S0092867419303848-mmc6.xlsx,archived,Recovered from the local DOI-keyed supplement stash and copied into the governed source library.,PRJEB31613,10.1016/j.cell.2019.03.049,application/vnd.openxmlformats-officedocument.spreadsheetml.sheet,184594,adna/governance/source_library/papers/10.1016-j.cell.2019.03.049/supplementary/1-s2.0-S0092867419303848-mmc6.xlsx,,
10.1016-j.cell.2019.03.049:1-s2.0-S0092867419303848-mmc7.xlsx,supplementary_table,curated supplementary asset 1-s2.0-S0092867419303848-mmc7.xlsx,https://pmc.ncbi.nlm.nih.gov/articles/PMC6547883/,adna/governance/source_library/papers/10.1016-j.cell.2019.03.049/supplementary/1-s2.0-S0092867419303848-mmc7.xlsx,archived,Recovered from the local DOI-keyed supplement stash and copied into the governed source library.,PRJEB31613,10.1016/j.cell.2019.03.049,application/vnd.openxmlformats-officedocument.spreadsheetml.sheet,39548,adna/governance/source_library/papers/10.1016-j.cell.2019.03.049/supplementary/1-s2.0-S0092867419303848-mmc7.xlsx,,
10.1016-j.cell.2019.03.049:article.html,article_html,article source,https://pmc.ncbi.nlm.nih.gov/articles/PMC6547883/,adna/governance/source_library/papers/10.1016-j.cell.2019.03.049/article.html,archived,PMC full-text HTML is archived for the horse time-series paper.,PRJEB31613,10.1016/j.cell.2019.03.049,text/html; charset=utf-8,551817,adna/governance/source_library/papers/10.1016-j.cell.2019.03.049/article.html.gz,125457,gzip
10.1016-j.cell.2019.03.049:crossref.json,paper_metadata_json,crossref metadata,https://api.crossref.org/works/10.1016/j.cell.2019.03.049,adna/governance/source_library/papers/10.1016-j.cell.2019.03.049/crossref.json,archived,Crossref metadata snapshot preserves DOI and title even when publisher downloads are blocked.,PRJEB31613,10.1016/j.cell.2019.03.049,application/json,47291,,,
PRJEB31613:archive_metadata.html,archive_metadata_html,archive metadata page,"https://www.ebi.ac.uk/ena/portal/api/filereport?accession=PRJEB31613&result=read_run&fields=study_accession,sample_accession,experiment_accession,run_accession,tax_id,scientific_name,library_layout,library_source,library_strategy,instrument_model,base_count,read_count,fastq_bytes,fastq_ftp,submitted_ftp,sra_ftp&format=tsv&download=true&limit=0",adna/governance/source_library/projects/PRJEB31613/archive_metadata.html,archived,Archive-facing metadata page captured for the tracked accession.,PRJEB31613,10.1016/j.cell.2019.03.049,text/plain,185063,adna/governance/source_library/projects/PRJEB31613/archive_metadata.html.gz,23441,gzip
10.1016-j.isci.2025.113771:1-s2.0-S2589004225020322-mmc1.pdf,supplementary_pdf,curated supplementary asset 1-s2.0-S2589004225020322-mmc1.pdf,https://linkinghub.elsevier.com/retrieve/pii/S2589004225020322,adna/governance/source_library/papers/10.1016-j.isci.2025.113771/supplementary/1-s2.0-S2589004225020322-mmc1.pdf,archived,Recovered from the local DOI-keyed supplement stash and copied into the governed source library.,PRJEB90261,10.1016/j.isci.2025.113771,application/pdf,64376,adna/governance/source_library/papers/10.1016-j.isci.2025.113771/supplementary/1-s2.0-S2589004225020322-mmc1.pdf,,
10.1016-j.isci.2025.113771:1-s2.0-S2589004225020322-mmc2.xlsx,supplementary_table,curated supplementary asset 1-s2.0-S2589004225020322-mmc2.xlsx,https://linkinghub.elsevier.com/retrieve/pii/S2589004225020322,adna/governance/source_library/papers/10.1016-j.isci.2025.113771/supplementary/1-s2.0-S2589004225020322-mmc2.xlsx,archived,Recovered from the local DOI-keyed supplement stash and copied into the governed source library.,PRJEB90261,10.1016/j.isci.2025.113771,application/vnd.openxmlformats-officedocument.spreadsheetml.sheet,32219,adna/governance/source_library/papers/10.1016-j.isci.2025.113771/supplementary/1-s2.0-S2589004225020322-mmc2.xlsx,,
10.1016-j.isci.2025.113771:1-s2.0-S2589004225020322-mmc3.xlsx,supplementary_table,curated supplementary asset 1-s2.0-S2589004225020322-mmc3.xlsx,https://linkinghub.elsevier.com/retrieve/pii/S2589004225020322,adna/governance/source_library/papers/10.1016-j.isci.2025.113771/supplementary/1-s2.0-S2589004225020322-mmc3.xlsx,archived,Recovered from the local DOI-keyed supplement stash and copied into the governed source library.,PRJEB90261,10.1016/j.isci.2025.113771,application/vnd.openxmlformats-officedocument.spreadsheetml.sheet,171355,adna/governance/source_library/papers/10.1016-j.isci.2025.113771/supplementary/1-s2.0-S2589004225020322-mmc3.xlsx,,
10.1016-j.isci.2025.113771:1-s2.0-S2589004225020322-mmc4.xlsx,supplementary_table,curated supplementary asset 1-s2.0-S2589004225020322-mmc4.xlsx,https://linkinghub.elsevier.com/retrieve/pii/S2589004225020322,adna/governance/source_library/papers/10.1016-j.isci.2025.113771/supplementary/1-s2.0-S2589004225020322-mmc4.xlsx,archived,Recovered from the local DOI-keyed supplement stash and copied into the governed source library.,PRJEB90261,10.1016/j.isci.2025.113771,application/vnd.openxmlformats-officedocument.spreadsheetml.sheet,37836,adna/governance/source_library/papers/10.1016-j.isci.2025.113771/supplementary/1-s2.0-S2589004225020322-mmc4.xlsx,,
10.1016-j.isci.2025.113771:article.html,article_html,article source,https://linkinghub.elsevier.com/retrieve/pii/S2589004225020322,adna/governance/source_library/papers/10.1016-j.isci.2025.113771/article.html,archived,Elsevier article landing page is archived as the accessible paper surface.,PRJEB90261,10.1016/j.isci.2025.113771,text/html;charset=UTF-8,3000,adna/governance/source_library/papers/10.1016-j.isci.2025.113771/article.html.gz,1229,gzip
10.1016-j.isci.2025.113771:crossref.json,paper_metadata_json,crossref metadata,https://api.crossref.org/works/10.1016/j.isci.2025.113771,adna/governance/source_library/papers/10.1016-j.isci.2025.113771/crossref.json,archived,Crossref metadata snapshot preserves DOI and title even when publisher downloads are blocked.,PRJEB90261,10.1016/j.isci.2025.113771,application/json,33493,,,
PRJEB90261:archive_metadata.html,archive_metadata_html,archive metadata page,"https://www.ebi.ac.uk/ena/portal/api/filereport?accession=PRJEB90261&result=read_run&fields=study_accession,sample_accession,experiment_accession,run_accession,tax_id,scientific_name,library_layout,library_source,library_strategy,instrument_model,base_count,read_count,fastq_bytes,fastq_ftp,submitted_ftp,sra_ftp&format=tsv&download=true&limit=0",adna/governance/source_library/projects/PRJEB90261/archive_metadata.html,archived,Archive-facing metadata page captured for the tracked accession.,PRJEB90261,10.1016/j.isci.2025.113771,text/plain,25552,adna/governance/source_library/projects/PRJEB90261/archive_metadata.html.gz,3256,gzip
10.1016-j.xgen.2025.101099:1-s2.0-S2666979X25003556-mmc1.pdf,supplementary_pdf,curated supplementary asset 1-s2.0-S2666979X25003556-mmc1.pdf,https://linkinghub.elsevier.com/retrieve/pii/S2666979X25003556,adna/governance/source_library/papers/10.1016-j.xgen.2025.101099/supplementary/1-s2.0-S2666979X25003556-mmc1.pdf,archived,Recovered from the local DOI-keyed supplement stash and copied into the governed source library.,PRJNA1178732,10.1016/j.xgen.2025.101099,application/pdf,4083851,adna/governance/source_library/papers/10.1016-j.xgen.2025.101099/supplementary/1-s2.0-S2666979X25003556-mmc1.pdf,,
10.1016-j.xgen.2025.101099:1-s2.0-S2666979X25003556-mmc2.pdf,supplementary_pdf,curated supplementary asset 1-s2.0-S2666979X25003556-mmc2.pdf,https://linkinghub.elsevier.com/retrieve/pii/S2666979X25003556,adna/governance/source_library/papers/10.1016-j.xgen.2025.101099/supplementary/1-s2.0-S2666979X25003556-mmc2.pdf,archived,Recovered from the local DOI-keyed supplement stash and copied into the governed source library.,PRJNA1178732,10.1016/j.xgen.2025.101099,application/pdf,151024,adna/governance/source_library/papers/10.1016-j.xgen.2025.101099/supplementary/1-s2.0-S2666979X25003556-mmc2.pdf,,
10.1016-j.xgen.2025.101099:1-s2.0-S2666979X25003556-mmc3.xlsx,supplementary_table,curated supplementary asset 1-s2.0-S2666979X25003556-mmc3.xlsx,https://linkinghub.elsevier.com/retrieve/pii/S2666979X25003556,adna/governance/source_library/papers/10.1016-j.xgen.2025.101099/supplementary/1-s2.0-S2666979X25003556-mmc3.xlsx,archived,Recovered from the local DOI-keyed supplement stash and copied into the governed source library.,PRJNA1178732,10.1016/j.xgen.2025.101099,application/vnd.openxmlformats-officedocument.spreadsheetml.sheet,35396,adna/governance/source_library/papers/10.1016-j.xgen.2025.101099/supplementary/1-s2.0-S2666979X25003556-mmc3.xlsx,35396,
10.1016-j.xgen.2025.101099:1-s2.0-S2666979X25003556-mmc4.xlsx,supplementary_table,curated supplementary asset 1-s2.0-S2666979X25003556-mmc4.xlsx,https://linkinghub.elsevier.com/retrieve/pii/S2666979X25003556,adna/governance/source_library/papers/10.1016-j.xgen.2025.101099/supplementary/1-s2.0-S2666979X25003556-mmc4.xlsx,archived,Recovered from the local DOI-keyed supplement stash and copied into the governed source library.,PRJNA1178732,10.1016/j.xgen.2025.101099,application/vnd.openxmlformats-officedocument.spreadsheetml.sheet,89638,adna/governance/source_library/papers/10.1016-j.xgen.2025.101099/supplementary/1-s2.0-S2666979X25003556-mmc4.xlsx,,
10.1016-j.xgen.2025.101099:1-s2.0-S2666979X25003556-mmc5.xlsx,supplementary_table,curated supplementary asset 1-s2.0-S2666979X25003556-mmc5.xlsx,https://linkinghub.elsevier.com/retrieve/pii/S2666979X25003556,adna/governance/source_library/papers/10.1016-j.xgen.2025.101099/supplementary/1-s2.0-S2666979X25003556-mmc5.xlsx,archived,Recovered from the local DOI-keyed supplement stash and copied into the governed source library.,PRJNA1178732,10.1016/j.xgen.2025.101099,application/vnd.openxmlformats-officedocument.spreadsheetml.sheet,18352,adna/governance/source_library/papers/10.1016-j.xgen.2025.101099/supplementary/1-s2.0-S2666979X25003556-mmc5.xlsx,,
10.1016-j.xgen.2025.101099:1-s2.0-S2666979X25003556-mmc6.xlsx,supplementary_table,curated supplementary asset 1-s2.0-S2666979X25003556-mmc6.xlsx,https://linkinghub.elsevier.com/retrieve/pii/S2666979X25003556,adna/governance/source_library/papers/10.1016-j.xgen.2025.101099/supplementary/1-s2.0-S2666979X25003556-mmc6.xlsx,archived,Recovered from the local DOI-keyed supplement stash and copied into the governed source library.,PRJNA1178732,10.1016/j.xgen.2025.101099,application/vnd.openxmlformats-officedocument.spreadsheetml.sheet,16675,adna/governance/source_library/papers/10.1016-j.xgen.2025.101099/supplementary/1-s2.0-S2666979X25003556-mmc6.xlsx,,
10.1016-j.xgen.2025.101099:1-s2.0-S2666979X25003556-mmc7.xlsx,supplementary_table,curated supplementary asset 1-s2.0-S2666979X25003556-mmc7.xlsx,https://linkinghub.elsevier.com/retrieve/pii/S2666979X25003556,adna/governance/source_library/papers/10.1016-j.xgen.2025.101099/supplementary/1-s2.0-S2666979X25003556-mmc7.xlsx,archived,Recovered from the local DOI-keyed supplement stash and copied into the governed source library.,PRJNA1178732,10.1016/j.xgen.2025.101099,application/vnd.openxmlformats-officedocument.spreadsheetml.sheet,23097,adna/governance/source_library/papers/10.1016-j.xgen.2025.101099/supplementary/1-s2.0-S2666979X25003556-mmc7.xlsx,,
10.1016-j.xgen.2025.101099:1-s2.0-S2666979X25003556-mmc8.pdf,supplementary_pdf,curated supplementary asset 1-s2.0-S2666979X25003556-mmc8.pdf,https://linkinghub.elsevier.com/retrieve/pii/S2666979X25003556,adna/governance/source_library/papers/10.1016-j.xgen.2025.101099/supplementary/1-s2.0-S2666979X25003556-mmc8.pdf,archived,Recovered from the local DOI-keyed supplement stash and copied into the governed source library.,PRJNA1178732,10.1016/j.xgen.2025.101099,application/pdf,22384677,adna/governance/source_library/papers/10.1016-j.xgen.2025.101099/supplementary/1-s2.0-S2666979X25003556-mmc8.pdf,,
10.1016-j.xgen.2025.101099:article.html,article_html,article source,https://linkinghub.elsevier.com/retrieve/pii/S2666979X25003556,adna/governance/source_library/papers/10.1016-j.xgen.2025.101099/article.html,archived,Elsevier article landing page is archived as the accessible paper surface.,PRJNA1178732,10.1016/j.xgen.2025.101099,text/html;charset=UTF-8,3025,adna/governance/source_library/papers/10.1016-j.xgen.2025.101099/article.html.gz,1244,gzip
10.1016-j.xgen.2025.101099:crossref.json,paper_metadata_json,crossref metadata,https://api.crossref.org/works/10.1016/j.xgen.2025.101099,adna/governance/source_library/papers/10.1016-j.xgen.2025.101099/crossref.json,archived,Crossref metadata snapshot preserves DOI and title even when publisher downloads are blocked.,PRJNA1178732,10.1016/j.xgen.2025.101099,application/json,45047,,,
PRJNA1178732:archive_metadata.html,archive_metadata_html,archive metadata page,https://www.ncbi.nlm.nih.gov/bioproject/PRJNA1178732,adna/governance/source_library/projects/PRJNA1178732/archive_metadata.html,archived,Archive-facing metadata page captured for the tracked accession.,PRJNA1178732,10.1016/j.xgen.2025.101099,text/html; charset=UTF-8,54574,adna/governance/source_library/projects/PRJNA1178732/archive_metadata.html.gz,12807,gzip
10.1038-ncomms16082:41467_2017_BFncomms16082_MOESM109_ESM.pdf,supplementary_pdf,curated supplementary asset 41467_2017_BFncomms16082_MOESM109_ESM.pdf,https://pmc.ncbi.nlm.nih.gov/articles/PMC5520058/,adna/governance/source_library/papers/10.1038-ncomms16082/supplementary/41467_2017_BFncomms16082_MOESM109_ESM.pdf,archived,Recovered from the local DOI-keyed supplement stash and copied into the governed source library.,KX379528-KX379529;SRS1407451;SRS1407453,10.1038/ncomms16082,application/pdf,8386408,adna/governance/source_library/papers/10.1038-ncomms16082/supplementary/41467_2017_BFncomms16082_MOESM109_ESM.pdf,,
10.1038-ncomms16082:41467_2017_BFncomms16082_MOESM110_ESM.pdf,supplementary_pdf,curated supplementary asset 41467_2017_BFncomms16082_MOESM110_ESM.pdf,https://pmc.ncbi.nlm.nih.gov/articles/PMC5520058/,adna/governance/source_library/papers/10.1038-ncomms16082/supplementary/41467_2017_BFncomms16082_MOESM110_ESM.pdf,archived,Recovered from the local DOI-keyed supplement stash and copied into the governed source library.,KX379528-KX379529;SRS1407451;SRS1407453,10.1038/ncomms16082,application/pdf,326354,adna/governance/source_library/papers/10.1038-ncomms16082/supplementary/41467_2017_BFncomms16082_MOESM110_ESM.pdf,,
10.1038-ncomms16082:article.html,article_html,article source,https://pmc.ncbi.nlm.nih.gov/articles/PMC5520058/,adna/governance/source_library/papers/10.1038-ncomms16082/article.html,archived,PMC full-text HTML is archived for the dog paper.,KX379528-KX379529;SRS1407451;SRS1407453,10.1038/ncomms16082,text/html; charset=utf-8,231509,adna/governance/source_library/papers/10.1038-ncomms16082/article.html.gz,51633,gzip
10.1038-ncomms16082:crossref.json,paper_metadata_json,crossref metadata,https://api.crossref.org/works/10.1038/ncomms16082,adna/governance/source_library/papers/10.1038-ncomms16082/crossref.json,archived,Crossref metadata snapshot preserves DOI and title even when publisher downloads are blocked.,KX379528-KX379529;SRS1407451;SRS1407453,10.1038/ncomms16082,application/json,25667,,,
KX379528-KX379529:archive_metadata.html,archive_metadata_html,archive metadata page,https://www.ncbi.nlm.nih.gov/nuccore/KX379528,adna/governance/source_library/projects/KX379528-KX379529/archive_metadata.html,archived,Archive-facing metadata page captured for the tracked accession.,KX379528-KX379529,10.1038/ncomms16082,text/html; charset=UTF-8,89882,adna/governance/source_library/projects/KX379528-KX379529/archive_metadata.html.gz,16768,gzip
SRS1407451:archive_metadata.html,archive_metadata_html,archive metadata page,https://www.ncbi.nlm.nih.gov/sra?term=SRS1407451,adna/governance/source_library/projects/SRS1407451/archive_metadata.html,archived,Archive-facing metadata page captured for the tracked accession.,SRS1407451,10.1038/ncomms16082,text/html; charset=UTF-8,55351,adna/governance/source_library/projects/SRS1407451/archive_metadata.html.gz,13817,gzip
SRS1407453:archive_metadata.html,archive_metadata_html,archive metadata page,https://www.ncbi.nlm.nih.gov/sra?term=SRS1407453,adna/governance/source_library/projects/SRS1407453/archive_metadata.html,archived,Archive-facing metadata page captured for the tracked accession.,SRS1407453,10.1038/ncomms16082,text/html; charset=UTF-8,55354,adna/governance/source_library/projects/SRS1407453/archive_metadata.html.gz,13819,gzip
10.1038-s41562-021-01083-y:41562_2021_1083_MOESM1_ESM.pdf,supplementary_pdf,curated supplementary asset 41562_2021_1083_MOESM1_ESM.pdf,https://www.nature.com/articles/s41562-021-01083-y,adna/governance/source_library/papers/10.1038-s41562-021-01083-y/supplementary/41562_2021_1083_MOESM1_ESM.pdf,archived,Recovered from the local DOI-keyed supplement stash and copied into the governed source library.,PRJEB41594,10.1038/s41562-021-01083-y,application/pdf,2970244,adna/governance/source_library/papers/10.1038-s41562-021-01083-y/supplementary/41562_2021_1083_MOESM1_ESM.pdf,,
10.1038-s41562-021-01083-y:41562_2021_1083_MOESM2_ESM.pdf,supplementary_pdf,curated supplementary asset 41562_2021_1083_MOESM2_ESM.pdf,https://www.nature.com/articles/s41562-021-01083-y,adna/governance/source_library/papers/10.1038-s41562-021-01083-y/supplementary/41562_2021_1083_MOESM2_ESM.pdf,archived,Recovered from the local DOI-keyed supplement stash and copied into the governed source library.,PRJEB41594,10.1038/s41562-021-01083-y,application/pdf,93096,adna/governance/source_library/papers/10.1038-s41562-021-01083-y/supplementary/41562_2021_1083_MOESM2_ESM.pdf,,
10.1038-s41562-021-01083-y:41562_2021_1083_MOESM3_ESM.pdf,supplementary_pdf,curated supplementary asset 41562_2021_1083_MOESM3_ESM.pdf,https://www.nature.com/articles/s41562-021-01083-y,adna/governance/source_library/papers/10.1038-s41562-021-01083-y/supplementary/41562_2021_1083_MOESM3_ESM.pdf,archived,Recovered from the local DOI-keyed supplement stash and copied into the governed source library.,PRJEB41594,10.1038/s41562-021-01083-y,application/pdf,277028,adna/governance/source_library/papers/10.1038-s41562-021-01083-y/supplementary/41562_2021_1083_MOESM3_ESM.pdf,,
10.1038-s41562-021-01083-y:41562_2021_1083_MOESM4_ESM.xlsx,supplementary_table,curated supplementary asset 41562_2021_1083_MOESM4_ESM.xlsx,https://www.nature.com/articles/s41562-021-01083-y,adna/governance/source_library/papers/10.1038-s41562-021-01083-y/supplementary/41562_2021_1083_MOESM4_ESM.xlsx,archived,Recovered from the local DOI-keyed supplement stash and copied into the governed source library.,PRJEB41594,10.1038/s41562-021-01083-y,application/vnd.openxmlformats-officedocument.spreadsheetml.sheet,59425,adna/governance/source_library/papers/10.1038-s41562-021-01083-y/supplementary/41562_2021_1083_MOESM4_ESM.xlsx,,
10.1038-s41562-021-01083-y:article.html,article_html,article source,https://www.nature.com/articles/s41562-021-01083-y,adna/governance/source_library/papers/10.1038-s41562-021-01083-y/article.html,archived,Nature Human Behaviour article page is archived as the accessible paper surface.,PRJEB41594,10.1038/s41562-021-01083-y,"text/html; charset=""UTF-8""",458340,adna/governance/source_library/papers/10.1038-s41562-021-01083-y/article.html.gz,83857,gzip
10.1038-s41562-021-01083-y:crossref.json,paper_metadata_json,crossref metadata,https://api.crossref.org/works/10.1038/s41562-021-01083-y,adna/governance/source_library/papers/10.1038-s41562-021-01083-y/crossref.json,archived,Crossref metadata snapshot preserves DOI and title even when publisher downloads are blocked.,PRJEB41594,10.1038/s41562-021-01083-y,application/json,34320,,,
PRJEB41594:archive_metadata.html,archive_metadata_html,archive metadata page,"https://www.ebi.ac.uk/ena/portal/api/filereport?accession=PRJEB41594&result=read_run&fields=study_accession,sample_accession,experiment_accession,run_accession,tax_id,scientific_name,library_layout,library_source,library_strategy,instrument_model,base_count,read_count,fastq_bytes,fastq_ftp,submitted_ftp,sra_ftp&format=tsv&download=true&limit=0",adna/governance/source_library/projects/PRJEB41594/archive_metadata.html,archived,Archive-facing metadata page captured for the tracked accession.,PRJEB41594,10.1038/s41562-021-01083-y,text/plain,1679,adna/governance/source_library/projects/PRJEB41594/archive_metadata.html.gz,522,gzip
10.1038-s41586-021-04018-9:41586_2021_4018_MOESM1_ESM.pdf,supplementary_pdf,curated supplementary asset 41586_2021_4018_MOESM1_ESM.pdf,https://www.nature.com/articles/s41586-021-04018-9,adna/governance/source_library/papers/10.1038-s41586-021-04018-9/supplementary/41586_2021_4018_MOESM1_ESM.pdf,archived,Recovered from the local DOI-keyed supplement stash and copied into the governed source library.,PRJEB44430,10.1038/s41586-021-04018-9,application/pdf,1338056,adna/governance/source_library/papers/10.1038-s41586-021-04018-9/supplementary/41586_2021_4018_MOESM1_ESM.pdf,,
10.1038-s41586-021-04018-9:41586_2021_4018_MOESM2_ESM.pdf,supplementary_pdf,curated supplementary asset 41586_2021_4018_MOESM2_ESM.pdf,https://www.nature.com/articles/s41586-021-04018-9,adna/governance/source_library/papers/10.1038-s41586-021-04018-9/supplementary/41586_2021_4018_MOESM2_ESM.pdf,archived,Recovered from the local DOI-keyed supplement stash and copied into the governed source library.,PRJEB44430,10.1038/s41586-021-04018-9,application/pdf,127789,adna/governance/source_library/papers/10.1038-s41586-021-04018-9/supplementary/41586_2021_4018_MOESM2_ESM.pdf,,
10.1038-s41586-021-04018-9:41586_2021_4018_MOESM3_ESM.pdf,supplementary_pdf,curated supplementary asset 41586_2021_4018_MOESM3_ESM.pdf,https://www.nature.com/articles/s41586-021-04018-9,adna/governance/source_library/papers/10.1038-s41586-021-04018-9/supplementary/41586_2021_4018_MOESM3_ESM.pdf,archived,Recovered from the local DOI-keyed supplement stash and copied into the governed source library.,PRJEB44430,10.1038/s41586-021-04018-9,application/pdf,656629,adna/governance/source_library/papers/10.1038-s41586-021-04018-9/supplementary/41586_2021_4018_MOESM3_ESM.pdf,,
10.1038-s41586-021-04018-9:41586_2021_4018_MOESM4_ESM.jpg,supplementary_image,curated supplementary asset 41586_2021_4018_MOESM4_ESM.jpg,https://www.nature.com/articles/s41586-021-04018-9,adna/governance/source_library/papers/10.1038-s41586-021-04018-9/supplementary/41586_2021_4018_MOESM4_ESM.jpg,archived,Recovered from the local DOI-keyed supplement stash and copied into the governed source library.,PRJEB44430,10.1038/s41586-021-04018-9,image/jpeg,2453717,adna/governance/source_library/papers/10.1038-s41586-021-04018-9/supplementary/41586_2021_4018_MOESM4_ESM.jpg,,
10.1038-s41586-021-04018-9:41586_2021_4018_MOESM5_ESM.xlsx,supplementary_table,curated supplementary asset 41586_2021_4018_MOESM5_ESM.xlsx,https://www.nature.com/articles/s41586-021-04018-9,adna/governance/source_library/papers/10.1038-s41586-021-04018-9/supplementary/41586_2021_4018_MOESM5_ESM.xlsx,archived,Recovered from the local DOI-keyed supplement stash and copied into the governed source library.,PRJEB44430,10.1038/s41586-021-04018-9,application/vnd.openxmlformats-officedocument.spreadsheetml.sheet,233005,adna/governance/source_library/papers/10.1038-s41586-021-04018-9/supplementary/41586_2021_4018_MOESM5_ESM.xlsx,,
10.1038-s41586-021-04018-9:article.html,article_html,article source,https://www.nature.com/articles/s41586-021-04018-9,adna/governance/source_library/papers/10.1038-s41586-021-04018-9/article.html,archived,Nature article page is archived because direct PDF automation is inconsistent.,PRJEB44430,10.1038/s41586-021-04018-9,"text/html; charset=""UTF-8""",977802,adna/governance/source_library/papers/10.1038-s41586-021-04018-9/article.html.gz,146117,gzip
10.1038-s41586-021-04018-9:crossref.json,paper_metadata_json,crossref metadata,https://api.crossref.org/works/10.1038/s41586-021-04018-9,adna/governance/source_library/papers/10.1038-s41586-021-04018-9/crossref.json,archived,Crossref metadata snapshot preserves DOI and title even when publisher downloads are blocked.,PRJEB44430,10.1038/s41586-021-04018-9,application/json,49727,,,
PRJEB44430:archive_metadata.html,archive_metadata_html,archive metadata page,"https://www.ebi.ac.uk/ena/portal/api/filereport?accession=PRJEB44430&result=read_run&fields=study_accession,sample_accession,experiment_accession,run_accession,tax_id,scientific_name,library_layout,library_source,library_strategy,instrument_model,base_count,read_count,fastq_bytes,fastq_ftp,submitted_ftp,sra_ftp&format=tsv&download=true&limit=0",adna/governance/source_library/projects/PRJEB44430/archive_metadata.html,archived,Archive-facing metadata page captured for the tracked accession.,PRJEB44430,10.1038/s41586-021-04018-9,text/plain,742490,adna/governance/source_library/projects/PRJEB44430/archive_metadata.html.gz,101047,gzip
10.1038-s41586-024-08112-6:41586_2024_8112_MOESM1_ESM.pdf,supplementary_pdf,curated supplementary asset 41586_2024_8112_MOESM1_ESM.pdf,https://www.nature.com/articles/s41586-024-08112-6,adna/governance/source_library/papers/10.1038-s41586-024-08112-6/supplementary/41586_2024_8112_MOESM1_ESM.pdf,archived,Recovered from the local DOI-keyed supplement stash and copied into the governed source library.,PRJEB75467,10.1038/s41586-024-08112-6,application/pdf,10653460,adna/governance/source_library/papers/10.1038-s41586-024-08112-6/supplementary/41586_2024_8112_MOESM1_ESM.pdf,,
10.1038-s41586-024-08112-6:41586_2024_8112_MOESM2_ESM.pdf,supplementary_pdf,curated supplementary asset 41586_2024_8112_MOESM2_ESM.pdf,https://www.nature.com/articles/s41586-024-08112-6,adna/governance/source_library/papers/10.1038-s41586-024-08112-6/supplementary/41586_2024_8112_MOESM2_ESM.pdf,archived,Recovered from the local DOI-keyed supplement stash and copied into the governed source library.,PRJEB75467,10.1038/s41586-024-08112-6,application/pdf,5003139,adna/governance/source_library/papers/10.1038-s41586-024-08112-6/supplementary/41586_2024_8112_MOESM2_ESM.pdf,,
10.1038-s41586-024-08112-6:41586_2024_8112_MOESM3_ESM.xlsx,supplementary_table,curated supplementary asset 41586_2024_8112_MOESM3_ESM.xlsx,https://www.nature.com/articles/s41586-024-08112-6,adna/governance/source_library/papers/10.1038-s41586-024-08112-6/supplementary/41586_2024_8112_MOESM3_ESM.xlsx,archived,Recovered from the local DOI-keyed supplement stash and copied into the governed source library.,PRJEB75467,10.1038/s41586-024-08112-6,application/vnd.openxmlformats-officedocument.spreadsheetml.sheet,305785,adna/governance/source_library/papers/10.1038-s41586-024-08112-6/supplementary/41586_2024_8112_MOESM3_ESM.xlsx,,
10.1038-s41586-024-08112-6:41586_2024_8112_MOESM4_ESM.pdf,supplementary_pdf,curated supplementary asset 41586_2024_8112_MOESM4_ESM.pdf,https://www.nature.com/articles/s41586-024-08112-6,adna/governance/source_library/papers/10.1038-s41586-024-08112-6/supplementary/41586_2024_8112_MOESM4_ESM.pdf,archived,Recovered from the local DOI-keyed supplement stash and copied into the governed source library.,PRJEB75467,10.1038/s41586-024-08112-6,application/pdf,2984908,adna/governance/source_library/papers/10.1038-s41586-024-08112-6/supplementary/41586_2024_8112_MOESM4_ESM.pdf,,
10.1038-s41586-024-08112-6:article.html,article_html,article source,https://www.nature.com/articles/s41586-024-08112-6,adna/governance/source_library/papers/10.1038-s41586-024-08112-6/article.html,archived,Nature article page is archived as the accessible paper surface.,PRJEB75467,10.1038/s41586-024-08112-6,"text/html; charset=""UTF-8""",606869,adna/governance/source_library/papers/10.1038-s41586-024-08112-6/article.html.gz,99569,gzip
10.1038-s41586-024-08112-6:crossref.json,paper_metadata_json,crossref metadata,https://api.crossref.org/works/10.1038/s41586-024-08112-6,adna/governance/source_library/papers/10.1038-s41586-024-08112-6/crossref.json,archived,Crossref metadata snapshot preserves DOI and title even when publisher downloads are blocked.,PRJEB75467,10.1038/s41586-024-08112-6,application/json,39914,,,
PRJEB75467:archive_metadata.html,archive_metadata_html,archive metadata page,"https://www.ebi.ac.uk/ena/portal/api/filereport?accession=PRJEB75467&result=read_run&fields=study_accession,sample_accession,experiment_accession,run_accession,tax_id,scientific_name,library_layout,library_source,library_strategy,instrument_model,base_count,read_count,fastq_bytes,fastq_ftp,submitted_ftp,sra_ftp&format=tsv&download=true&limit=0",adna/governance/source_library/projects/PRJEB75467/archive_metadata.html,archived,Archive-facing metadata page captured for the tracked accession.,PRJEB75467,10.1038/s41586-024-08112-6,text/plain,274385,adna/governance/source_library/projects/PRJEB75467/archive_metadata.html.gz,36798,gzip
10.1038-s41598-024-54296-2:41598_2024_64499_MOESM1_ESM.pdf,supplementary_pdf,curated supplementary asset 41598_2024_64499_MOESM1_ESM.pdf,https://www.nature.com/articles/s41598-024-54296-2,adna/governance/source_library/papers/10.1038-s41598-024-54296-2/supplementary/41598_2024_64499_MOESM1_ESM.pdf,archived,Recovered from the local DOI-keyed supplement stash and copied into the governed source library.,PRJEB60484,10.1038/s41598-024-54296-2,application/pdf,354065,adna/governance/source_library/papers/10.1038-s41598-024-54296-2/supplementary/41598_2024_64499_MOESM1_ESM.pdf,,
10.1038-s41598-024-54296-2:article.html,article_html,article source,https://www.nature.com/articles/s41598-024-54296-2,adna/governance/source_library/papers/10.1038-s41598-024-54296-2/article.html,archived,Scientific Reports article page is archived as the accessible paper surface.,PRJEB60484,10.1038/s41598-024-54296-2,"text/html; charset=""UTF-8""",633827,adna/governance/source_library/papers/10.1038-s41598-024-54296-2/article.html.gz,115825,gzip
10.1038-s41598-024-54296-2:crossref.json,paper_metadata_json,crossref metadata,https://api.crossref.org/works/10.1038/s41598-024-54296-2,adna/governance/source_library/papers/10.1038-s41598-024-54296-2/crossref.json,archived,Crossref metadata snapshot preserves DOI and title even when publisher downloads are blocked.,PRJEB60484,10.1038/s41598-024-54296-2,application/json,47170,,,
PRJEB60484:archive_metadata.html,archive_metadata_html,archive metadata page,"https://www.ebi.ac.uk/ena/portal/api/filereport?accession=PRJEB60484&result=read_run&fields=study_accession,sample_accession,experiment_accession,run_accession,tax_id,scientific_name,library_layout,library_source,library_strategy,instrument_model,base_count,read_count,fastq_bytes,fastq_ftp,submitted_ftp,sra_ftp&format=tsv&download=true&limit=0",adna/governance/source_library/projects/PRJEB60484/archive_metadata.html,archived,Archive-facing metadata page captured for the tracked accession.,PRJEB60484,10.1038/s41598-024-54296-2,text/plain,55868,adna/governance/source_library/projects/PRJEB60484/archive_metadata.html.gz,7478,gzip
10.1038-s42003-021-02794-8:42003_2021_2794_MOESM1_ESM.pdf,supplementary_pdf,supplementary note 1,https://static-content.springer.com/esm/art%3A10.1038%2Fs42003-021-02794-8/MediaObjects/42003_2021_2794_MOESM1_ESM.pdf,adna/governance/source_library/papers/10.1038-s42003-021-02794-8/supplementary/42003_2021_2794_MOESM1_ESM.pdf,archived,Nature supplementary PDF discovered from article page.,PRJEB36540,10.1038/s42003-021-02794-8,application/pdf,5750730,,,
10.1038-s42003-021-02794-8:42003_2021_2794_MOESM2_ESM.pdf,supplementary_pdf,supplementary note 2,https://static-content.springer.com/esm/art%3A10.1038%2Fs42003-021-02794-8/MediaObjects/42003_2021_2794_MOESM2_ESM.pdf,adna/governance/source_library/papers/10.1038-s42003-021-02794-8/supplementary/42003_2021_2794_MOESM2_ESM.pdf,archived,Nature supplementary PDF discovered from article page.,PRJEB36540,10.1038/s42003-021-02794-8,application/pdf,2490216,,,
10.1038-s42003-021-02794-8:42003_2021_2794_MOESM3_ESM.pdf,supplementary_pdf,supplementary note 3,https://static-content.springer.com/esm/art%3A10.1038%2Fs42003-021-02794-8/MediaObjects/42003_2021_2794_MOESM3_ESM.pdf,adna/governance/source_library/papers/10.1038-s42003-021-02794-8/supplementary/42003_2021_2794_MOESM3_ESM.pdf,archived,Nature supplementary PDF discovered from article page.,PRJEB36540,10.1038/s42003-021-02794-8,application/pdf,560360,,,
10.1038-s42003-021-02794-8:42003_2021_2794_MOESM4_ESM.zip,supplementary_zip,supplementary data zip,https://static-content.springer.com/esm/art%3A10.1038%2Fs42003-021-02794-8/MediaObjects/42003_2021_2794_MOESM4_ESM.zip,adna/governance/source_library/papers/10.1038-s42003-021-02794-8/supplementary/42003_2021_2794_MOESM4_ESM.zip,archived,Nature supplementary data bundle discovered from article page.,PRJEB36540,10.1038/s42003-021-02794-8,application/octet-stream,817335,,,
10.1038-s42003-021-02794-8:42003_2021_2794_MOESM5_ESM.pdf,supplementary_pdf,supplementary note 5,https://static-content.springer.com/esm/art%3A10.1038%2Fs42003-021-02794-8/MediaObjects/42003_2021_2794_MOESM5_ESM.pdf,adna/governance/source_library/papers/10.1038-s42003-021-02794-8/supplementary/42003_2021_2794_MOESM5_ESM.pdf,archived,Nature supplementary PDF discovered from article page.,PRJEB36540,10.1038/s42003-021-02794-8,application/pdf,2134722,,,
10.1038-s42003-021-02794-8:article.pdf,article_pdf,article source,https://www.nature.com/articles/s42003-021-02794-8,adna/governance/source_library/papers/10.1038-s42003-021-02794-8/article.pdf,archived,Nature article PDF is directly downloadable and anchors sheep project metadata plus supplementary sample tables.,PRJEB36540,10.1038/s42003-021-02794-8,"text/html; charset=""UTF-8""",630011,,,
10.1038-s42003-021-02794-8:crossref.json,paper_metadata_json,crossref metadata,https://api.crossref.org/works/10.1038/s42003-021-02794-8,adna/governance/source_library/papers/10.1038-s42003-021-02794-8/crossref.json,archived,Crossref metadata snapshot preserves DOI and title even when publisher downloads are blocked.,PRJEB36540,10.1038/s42003-021-02794-8,application/json,35940,,,
PRJEB36540:archive_metadata.html,archive_metadata_html,archive metadata page,"https://www.ebi.ac.uk/ena/portal/api/filereport?accession=PRJEB36540&result=read_run&fields=study_accession,sample_accession,experiment_accession,run_accession,tax_id,scientific_name,library_layout,library_source,library_strategy,instrument_model,base_count,read_count,fastq_bytes,fastq_ftp,submitted_ftp,sra_ftp&format=tsv&download=true&limit=0",adna/governance/source_library/projects/PRJEB36540/archive_metadata.html,archived,Archive-facing metadata page captured for the tracked accession.,PRJEB36540,10.1038/s42003-021-02794-8,text/plain,2495,adna/governance/source_library/projects/PRJEB36540/archive_metadata.html.gz,638,gzip
10.1073-pnas.1901169116:article.html,article_html,article source,https://pmc.ncbi.nlm.nih.gov/articles/PMC6717267/,adna/governance/source_library/papers/10.1073-pnas.1901169116/article.html,archived,PMC full-text HTML is archived for the pig turnover paper.,PRJEB30282,10.1073/pnas.1901169116,text/html; charset=utf-8,291189,adna/governance/source_library/papers/10.1073-pnas.1901169116/article.html.gz,59000,gzip
10.1073-pnas.1901169116:crossref.json,paper_metadata_json,crossref metadata,https://api.crossref.org/works/10.1073/pnas.1901169116,adna/governance/source_library/papers/10.1073-pnas.1901169116/crossref.json,archived,Crossref metadata snapshot preserves DOI and title even when publisher downloads are blocked.,PRJEB30282,10.1073/pnas.1901169116,application/json,52860,,,
10.1073-pnas.1901169116:pnas.1901169116.sapp.pdf,supplementary_pdf,curated supplementary asset pnas.1901169116.sapp.pdf,https://pmc.ncbi.nlm.nih.gov/articles/PMC6717267/,adna/governance/source_library/papers/10.1073-pnas.1901169116/supplementary/pnas.1901169116.sapp.pdf,archived,Recovered from the local DOI-keyed supplement stash and copied into the governed source library.,PRJEB30282,10.1073/pnas.1901169116,application/pdf,5188691,adna/governance/source_library/papers/10.1073-pnas.1901169116/supplementary/pnas.1901169116.sapp.pdf,,
10.1073-pnas.1901169116:pnas.1901169116.sd01.xlsx,supplementary_table,curated supplementary asset pnas.1901169116.sd01.xlsx,https://pmc.ncbi.nlm.nih.gov/articles/PMC6717267/,adna/governance/source_library/papers/10.1073-pnas.1901169116/supplementary/pnas.1901169116.sd01.xlsx,archived,Recovered from the local DOI-keyed supplement stash and copied into the governed source library.,PRJEB30282,10.1073/pnas.1901169116,application/vnd.openxmlformats-officedocument.spreadsheetml.sheet,511536,adna/governance/source_library/papers/10.1073-pnas.1901169116/supplementary/pnas.1901169116.sd01.xlsx,,
10.1073-pnas.1901169116:pnas.1901169116.sd02.xlsx,supplementary_table,curated supplementary asset pnas.1901169116.sd02.xlsx,https://pmc.ncbi.nlm.nih.gov/articles/PMC6717267/,adna/governance/source_library/papers/10.1073-pnas.1901169116/supplementary/pnas.1901169116.sd02.xlsx,archived,Recovered from the local DOI-keyed supplement stash and copied into the governed source library.,PRJEB30282,10.1073/pnas.1901169116,application/vnd.openxmlformats-officedocument.spreadsheetml.sheet,58603,adna/governance/source_library/papers/10.1073-pnas.1901169116/supplementary/pnas.1901169116.sd02.xlsx,,
PRJEB30282:archive_metadata.html,archive_metadata_html,archive metadata page,"https://www.ebi.ac.uk/ena/portal/api/filereport?accession=PRJEB30282&result=read_run&fields=study_accession,sample_accession,experiment_accession,run_accession,tax_id,scientific_name,library_layout,library_source,library_strategy,instrument_model,base_count,read_count,fastq_bytes,fastq_ftp,submitted_ftp,sra_ftp&format=tsv&download=true&limit=0",adna/governance/source_library/projects/PRJEB30282/archive_metadata.html,archived,Archive-facing metadata page captured for the tracked accession.,PRJEB30282,10.1073/pnas.1901169116,text/plain,172426,adna/governance/source_library/projects/PRJEB30282/archive_metadata.html.gz,24701,gzip
10.1093-gbe-evae114:Supplementary Figures Baltic Sheep.pdf,supplementary_pdf,curated supplementary asset Supplementary Figures Baltic Sheep.pdf,https://academic.oup.com/gbe/article/doi/10.1093/gbe/evae114/7682331,adna/governance/source_library/papers/10.1093-gbe-evae114/supplementary/Supplementary Figures Baltic Sheep.pdf,archived,Recovered from the local DOI-keyed supplement stash and copied into the governed source library.,PRJEB59481,10.1093/gbe/evae114,application/pdf,4139432,adna/governance/source_library/papers/10.1093-gbe-evae114/supplementary/Supplementary Figures Baltic Sheep.pdf,,
10.1093-gbe-evae114:SupplementaryTables_Revision2.xlsx,supplementary_table,curated supplementary asset SupplementaryTables_Revision2.xlsx,https://academic.oup.com/gbe/article/doi/10.1093/gbe/evae114/7682331,adna/governance/source_library/papers/10.1093-gbe-evae114/supplementary/SupplementaryTables_Revision2.xlsx,archived,Recovered from the local DOI-keyed supplement stash and copied into the governed source library.,PRJEB59481,10.1093/gbe/evae114,application/vnd.openxmlformats-officedocument.spreadsheetml.sheet,64739,adna/governance/source_library/papers/10.1093-gbe-evae114/supplementary/SupplementaryTables_Revision2.xlsx,,
10.1093-gbe-evae114:article.html,article_html,article source,https://academic.oup.com/gbe/article/doi/10.1093/gbe/evae114/7682331,adna/governance/source_library/papers/10.1093-gbe-evae114/article.html,missing,Publisher article page is archived where accessible; OUP bot protection can still block richer downloads.,PRJEB59481,10.1093/gbe/evae114,,,,,
10.1093-gbe-evae114:article_full_text.xml,article_full_text_xml,Europe PMC full-text XML,https://www.ebi.ac.uk/europepmc/webservices/rest/PMC11162877/fullTextXML,adna/governance/source_library/papers/10.1093-gbe-evae114/article_full_text.xml,archived,Official open-access full text supplies Table 1 sample chronology and its BP/context footnotes.,PRJEB59481,10.1093/gbe/evae114,application/xml,191558,adna/governance/source_library/papers/10.1093-gbe-evae114/article_full_text.xml,191558,
10.1093-gbe-evae114:article_full_text.xml.metadata.json,source_receipt_json,capture receipt for Europe PMC full-text XML,https://www.ebi.ac.uk/europepmc/webservices/rest/PMC11162877/fullTextXML,adna/governance/source_library/papers/10.1093-gbe-evae114/article_full_text.xml.metadata.json,archived,"Capture receipt preserves source URL, byte and digest identity, licensing, and evidence locators.",PRJEB59481,10.1093/gbe/evae114,application/json,1330,adna/governance/source_library/papers/10.1093-gbe-evae114/article_full_text.xml.metadata.json,1330,
10.1093-gbe-evae114:crossref.json,paper_metadata_json,crossref metadata,https://api.crossref.org/works/10.1093/gbe/evae114,adna/governance/source_library/papers/10.1093-gbe-evae114/crossref.json,archived,Crossref metadata snapshot preserves DOI and title even when publisher downloads are blocked.,PRJEB59481,10.1093/gbe/evae114,application/json,35106,,,
PRJEB59481:SAMEA112960291.xml,ena_sample_xml,ENA sample XML SAMEA112960291,https://www.ebi.ac.uk/ena/browser/api/xml/SAMEA112960291,adna/governance/source_library/projects/PRJEB59481/ena_samples/SAMEA112960291.xml,archived,"Official ENA biological-sample record supplies exact sample identity, source-native lat_lon, taxonomy, and material wording.",PRJEB59481,10.1093/gbe/evae114,application/xml,2691,adna/governance/source_library/projects/PRJEB59481/ena_samples/SAMEA112960291.xml,2691,
PRJEB59481:SAMEA112960291.xml.metadata.json,source_receipt_json,capture receipt for ENA sample XML SAMEA112960291,https://www.ebi.ac.uk/ena/browser/api/xml/SAMEA112960291,adna/governance/source_library/projects/PRJEB59481/ena_samples/SAMEA112960291.xml.metadata.json,archived,"Capture receipt preserves source URL, byte and digest identity, licensing, and evidence locators.",PRJEB59481,10.1093/gbe/evae114,application/json,1325,adna/governance/source_library/projects/PRJEB59481/ena_samples/SAMEA112960291.xml.metadata.json,1325,
PRJEB59481:SAMEA112960292.xml,ena_sample_xml,ENA sample XML SAMEA112960292,https://www.ebi.ac.uk/ena/browser/api/xml/SAMEA112960292,adna/governance/source_library/projects/PRJEB59481/ena_samples/SAMEA112960292.xml,archived,"Official ENA biological-sample record supplies exact sample identity, source-native lat_lon, taxonomy, and material wording.",PRJEB59481,10.1093/gbe/evae114,application/xml,2691,adna/governance/source_library/projects/PRJEB59481/ena_samples/SAMEA112960292.xml,2691,
PRJEB59481:SAMEA112960292.xml.metadata.json,source_receipt_json,capture receipt for ENA sample XML SAMEA112960292,https://www.ebi.ac.uk/ena/browser/api/xml/SAMEA112960292,adna/governance/source_library/projects/PRJEB59481/ena_samples/SAMEA112960292.xml.metadata.json,archived,"Capture receipt preserves source URL, byte and digest identity, licensing, and evidence locators.",PRJEB59481,10.1093/gbe/evae114,application/json,1325,adna/governance/source_library/projects/PRJEB59481/ena_samples/SAMEA112960292.xml.metadata.json,1325,
PRJEB59481:SAMEA112960293.xml,ena_sample_xml,ENA sample XML SAMEA112960293,https://www.ebi.ac.uk/ena/browser/api/xml/SAMEA112960293,adna/governance/source_library/projects/PRJEB59481/ena_samples/SAMEA112960293.xml,archived,"Official ENA biological-sample record supplies exact sample identity, source-native lat_lon, taxonomy, and material wording.",PRJEB59481,10.1093/gbe/evae114,application/xml,2694,adna/governance/source_library/projects/PRJEB59481/ena_samples/SAMEA112960293.xml,2694,
PRJEB59481:SAMEA112960293.xml.metadata.json,source_receipt_json,capture receipt for ENA sample XML SAMEA112960293,https://www.ebi.ac.uk/ena/browser/api/xml/SAMEA112960293,adna/governance/source_library/projects/PRJEB59481/ena_samples/SAMEA112960293.xml.metadata.json,archived,"Capture receipt preserves source URL, byte and digest identity, licensing, and evidence locators.",PRJEB59481,10.1093/gbe/evae114,application/json,1325,adna/governance/source_library/projects/PRJEB59481/ena_samples/SAMEA112960293.xml.metadata.json,1325,
PRJEB59481:SAMEA112960294.xml,ena_sample_xml,ENA sample XML SAMEA112960294,https://www.ebi.ac.uk/ena/browser/api/xml/SAMEA112960294,adna/governance/source_library/projects/PRJEB59481/ena_samples/SAMEA112960294.xml,archived,"Official ENA biological-sample record supplies exact sample identity, source-native lat_lon, taxonomy, and material wording.",PRJEB59481,10.1093/gbe/evae114,application/xml,2694,adna/governance/source_library/projects/PRJEB59481/ena_samples/SAMEA112960294.xml,2694,
PRJEB59481:SAMEA112960294.xml.metadata.json,source_receipt_json,capture receipt for ENA sample XML SAMEA112960294,https://www.ebi.ac.uk/ena/browser/api/xml/SAMEA112960294,adna/governance/source_library/projects/PRJEB59481/ena_samples/SAMEA112960294.xml.metadata.json,archived,"Capture receipt preserves source URL, byte and digest identity, licensing, and evidence locators.",PRJEB59481,10.1093/gbe/evae114,application/json,1325,adna/governance/source_library/projects/PRJEB59481/ena_samples/SAMEA112960294.xml.metadata.json,1325,
PRJEB59481:SAMEA112960295.xml,ena_sample_xml,ENA sample XML SAMEA112960295,https://www.ebi.ac.uk/ena/browser/api/xml/SAMEA112960295,adna/governance/source_library/projects/PRJEB59481/ena_samples/SAMEA112960295.xml,archived,"Official ENA biological-sample record supplies exact sample identity, source-native lat_lon, taxonomy, and material wording.",PRJEB59481,10.1093/gbe/evae114,application/xml,2694,adna/governance/source_library/projects/PRJEB59481/ena_samples/SAMEA112960295.xml,2694,
PRJEB59481:SAMEA112960295.xml.metadata.json,source_receipt_json,capture receipt for ENA sample XML SAMEA112960295,https://www.ebi.ac.uk/ena/browser/api/xml/SAMEA112960295,adna/governance/source_library/projects/PRJEB59481/ena_samples/SAMEA112960295.xml.metadata.json,archived,"Capture receipt preserves source URL, byte and digest identity, licensing, and evidence locators.",PRJEB59481,10.1093/gbe/evae114,application/json,1325,adna/governance/source_library/projects/PRJEB59481/ena_samples/SAMEA112960295.xml.metadata.json,1325,
PRJEB59481:archive_metadata.html,archive_metadata_html,archive metadata page,"https://www.ebi.ac.uk/ena/portal/api/filereport?accession=PRJEB59481&result=read_run&fields=study_accession,sample_accession,experiment_accession,run_accession,tax_id,scientific_name,library_layout,library_source,library_strategy,instrument_model,base_count,read_count,fastq_bytes,fastq_ftp,submitted_ftp,sra_ftp&format=tsv&download=true&limit=0",adna/governance/source_library/projects/PRJEB59481/archive_metadata.html,archived,Archive-facing metadata page captured for the tracked accession.,PRJEB59481,10.1093/gbe/evae114,text/plain,21958,adna/governance/source_library/projects/PRJEB59481/archive_metadata.html.gz,3036,gzip
PRJEB59481:material_evidence_conflicts.csv,material_evidence_conflict_csv,unresolved ENA-versus-supplement material evidence,,adna/governance/source_library/projects/PRJEB59481/material_evidence_conflicts.csv,archived,Source-derived conflict ledger preserves both anatomical claims without selecting either one.,PRJEB59481,10.1093/gbe/evae114,text/csv,2220,adna/governance/source_library/projects/PRJEB59481/material_evidence_conflicts.csv,2220,
PRJEB59481:material_evidence_conflicts.json,material_evidence_conflict_json,unresolved ENA-versus-supplement material evidence,,adna/governance/source_library/projects/PRJEB59481/material_evidence_conflicts.json,archived,Source-derived conflict ledger preserves both anatomical claims without selecting either one.,PRJEB59481,10.1093/gbe/evae114,application/json,3557,adna/governance/source_library/projects/PRJEB59481/material_evidence_conflicts.json,3557,
10.1093-gbe-evaf181:GBE_Supplementary_Tables_S1-18_Goat_imputation.xlsx,supplementary_table,curated supplementary asset GBE_Supplementary_Tables_S1-18_Goat_imputation.xlsx,https://academic.oup.com/gbe/article/doi/10.1093/gbe/evaf181/8317779,adna/governance/source_library/papers/10.1093-gbe-evaf181/supplementary/GBE_Supplementary_Tables_S1-18_Goat_imputation.xlsx,archived,Recovered from the local DOI-keyed supplement stash and copied into the governed source library.,PRJEB90141,10.1093/gbe/evaf181,application/vnd.openxmlformats-officedocument.spreadsheetml.sheet,2557869,adna/governance/source_library/papers/10.1093-gbe-evaf181/supplementary/GBE_Supplementary_Tables_S1-18_Goat_imputation.xlsx,,
10.1093-gbe-evaf181:GBE_review_Supplementary_Figures_S1-41_NotesS1-7_Goat_Imputation-compressed.pdf,supplementary_pdf,curated supplementary asset GBE_review_Supplementary_Figures_S1-41_NotesS1-7_Goat_Imputation-compressed.pdf,https://academic.oup.com/gbe/article/doi/10.1093/gbe/evaf181/8317779,adna/governance/source_library/papers/10.1093-gbe-evaf181/supplementary/GBE_review_Supplementary_Figures_S1-41_NotesS1-7_Goat_Imputation-compressed.pdf,archived,Original recovered supplement is represented by a lightweight repository placeholder at this local path to stay within GitHub repository limits; recover the full source artifact from the cited source URL or governed local stash when needed.,PRJEB90141,10.1093/gbe/evaf181,application/pdf,88896428,adna/governance/source_library/papers/10.1093-gbe-evaf181/supplementary/GBE_review_Supplementary_Figures_S1-41_NotesS1-7_Goat_Imputation-compressed.pdf,,
10.1093-gbe-evaf181:article.html,article_html,article source,https://academic.oup.com/gbe/article/doi/10.1093/gbe/evaf181/8317779,adna/governance/source_library/papers/10.1093-gbe-evaf181/article.html,missing,Publisher article page is archived where accessible; OUP bot protection can still block richer downloads.,PRJEB90141,10.1093/gbe/evaf181,,,,,
10.1093-gbe-evaf181:crossref.json,paper_metadata_json,crossref metadata,https://api.crossref.org/works/10.1093/gbe/evaf181,adna/governance/source_library/papers/10.1093-gbe-evaf181/crossref.json,archived,Crossref metadata snapshot preserves DOI and title even when publisher downloads are blocked.,PRJEB90141,10.1093/gbe/evaf181,application/json,37674,,,
PRJEB90141:archive_metadata.html,archive_metadata_html,archive metadata page,"https://www.ebi.ac.uk/ena/portal/api/filereport?accession=PRJEB90141&result=read_run&fields=study_accession,sample_accession,experiment_accession,run_accession,tax_id,scientific_name,library_layout,library_source,library_strategy,instrument_model,base_count,read_count,fastq_bytes,fastq_ftp,submitted_ftp,sra_ftp&format=tsv&download=true&limit=0",adna/governance/source_library/projects/PRJEB90141/archive_metadata.html,archived,Archive-facing metadata page captured for the tracked accession.,PRJEB90141,10.1093/gbe/evaf181,text/plain,360361,adna/governance/source_library/projects/PRJEB90141/archive_metadata.html.gz,52246,gzip
10.1111-1755-0998.12551:article.html,article_html,article source,https://pmc.ncbi.nlm.nih.gov/articles/PMC5324683/,adna/governance/source_library/papers/10.1111-1755-0998.12551/article.html,archived,PMC full-text HTML is archived for the camel paper.,KU605068-KU605080;SRP073444,10.1111/1755-0998.12551,text/html; charset=utf-8,273976,adna/governance/source_library/papers/10.1111-1755-0998.12551/article.html.gz,57176,gzip
10.1111-1755-0998.12551:crossref.json,paper_metadata_json,crossref metadata,https://api.crossref.org/works/10.1111/1755-0998.12551,adna/governance/source_library/papers/10.1111-1755-0998.12551/crossref.json,archived,Crossref metadata snapshot preserves DOI and title even when publisher downloads are blocked.,KU605068-KU605080;SRP073444,10.1111/1755-0998.12551,application/json,16232,,,
10.1111-1755-0998.12551:men12551-sup-0001-supinfo.docx,supplementary_pdf,curated supplementary asset men12551-sup-0001-supinfo.docx,https://pmc.ncbi.nlm.nih.gov/articles/PMC5324683/,adna/governance/source_library/papers/10.1111-1755-0998.12551/supplementary/men12551-sup-0001-supinfo.docx,archived,Original recovered supplement exceeded practical GitHub repository limits. Bijux stores a lightweight repository placeholder at this local path; recover the full source artifact from the cited source URL or governed local stash when needed.,KU605068-KU605080;SRP073444,10.1111/1755-0998.12551,application/vnd.openxmlformats-officedocument.wordprocessingml.document,170976839,adna/governance/source_library/papers/10.1111-1755-0998.12551/supplementary/men12551-sup-0001-supinfo.docx,,
KU605068-KU605080:archive_metadata.html,archive_metadata_html,archive metadata page,https://www.ncbi.nlm.nih.gov/nuccore/KU605068,adna/governance/source_library/projects/KU605068-KU605080/archive_metadata.html,archived,Archive-facing metadata page captured for the tracked accession.,KU605068-KU605080,10.1111/1755-0998.12551,text/html; charset=UTF-8,90233,adna/governance/source_library/projects/KU605068-KU605080/archive_metadata.html.gz,16824,gzip
SRP073444:archive_metadata.html,archive_metadata_html,archive metadata page,https://www.ncbi.nlm.nih.gov/sra?term=SRP073444,adna/governance/source_library/projects/SRP073444/archive_metadata.html,archived,Archive-facing metadata page captured for the tracked accession.,SRP073444,10.1111/1755-0998.12551,text/html; charset=UTF-8,85258,adna/governance/source_library/projects/SRP073444/archive_metadata.html.gz,16220,gzip
10.1126-science.aam5298:aam5298_librado.sm.pdf,supplementary_pdf,curated supplementary asset aam5298_librado.sm.pdf,https://pubmed.ncbi.nlm.nih.gov/28450643/,adna/governance/source_library/papers/10.1126-science.aam5298/supplementary/aam5298_librado.sm.pdf,archived,Recovered from the local DOI-keyed supplement stash and copied into the governed source library.,PRJEB19970,10.1126/science.aam5298,application/pdf,4861729,adna/governance/source_library/papers/10.1126-science.aam5298/supplementary/aam5298_librado.sm.pdf,,
10.1126-science.aam5298:article.html,article_html,article source,https://pubmed.ncbi.nlm.nih.gov/28450643/,adna/governance/source_library/papers/10.1126-science.aam5298/article.html,archived,PubMed landing page is archived because publisher automation is blocked.,PRJEB19970,10.1126/science.aam5298,text/html; charset=utf-8,190166,adna/governance/source_library/papers/10.1126-science.aam5298/article.html.gz,27592,gzip
10.1126-science.aam5298:crossref.json,paper_metadata_json,crossref metadata,https://api.crossref.org/works/10.1126/science.aam5298,adna/governance/source_library/papers/10.1126-science.aam5298/crossref.json,archived,Crossref metadata snapshot preserves DOI and title even when publisher downloads are blocked.,PRJEB19970,10.1126/science.aam5298,application/json,40262,,,
10.1126-science.aam5298:pubmed.xml,paper_metadata_json,pubmed abstract,https://eutils.ncbi.nlm.nih.gov/entrez/eutils/efetch.fcgi?db=pubmed&id=28450643&retmode=xml,adna/governance/source_library/papers/10.1126-science.aam5298/pubmed.xml,archived,PubMed XML snapshot provides publisher-independent citation and abstract metadata.,PRJEB19970,10.1126/science.aam5298,text/xml; charset=UTF-8,17944,,,
10.1126-science.aam5298:tables27.xlsx,supplementary_table,curated supplementary asset tables27.xlsx,https://pubmed.ncbi.nlm.nih.gov/28450643/,adna/governance/source_library/papers/10.1126-science.aam5298/supplementary/tables27.xlsx,archived,Recovered from the local DOI-keyed supplement stash and copied into the governed source library.,PRJEB19970,10.1126/science.aam5298,application/vnd.openxmlformats-officedocument.spreadsheetml.sheet,89915,adna/governance/source_library/papers/10.1126-science.aam5298/supplementary/tables27.xlsx,,
10.1126-science.aam5298:tables28.xlsx,supplementary_table,curated supplementary asset tables28.xlsx,https://pubmed.ncbi.nlm.nih.gov/28450643/,adna/governance/source_library/papers/10.1126-science.aam5298/supplementary/tables28.xlsx,archived,Recovered from the local DOI-keyed supplement stash and copied into the governed source library.,PRJEB19970,10.1126/science.aam5298,application/vnd.openxmlformats-officedocument.spreadsheetml.sheet,82868,adna/governance/source_library/papers/10.1126-science.aam5298/supplementary/tables28.xlsx,,
10.1126-science.aam5298:tables29.xlsx,supplementary_table,curated supplementary asset tables29.xlsx,https://pubmed.ncbi.nlm.nih.gov/28450643/,adna/governance/source_library/papers/10.1126-science.aam5298/supplementary/tables29.xlsx,archived,Recovered from the local DOI-keyed supplement stash and copied into the governed source library.,PRJEB19970,10.1126/science.aam5298,application/vnd.openxmlformats-officedocument.spreadsheetml.sheet,64916,adna/governance/source_library/papers/10.1126-science.aam5298/supplementary/tables29.xlsx,,
10.1126-science.aam5298:tables30.xlsx,supplementary_table,curated supplementary asset tables30.xlsx,https://pubmed.ncbi.nlm.nih.gov/28450643/,adna/governance/source_library/papers/10.1126-science.aam5298/supplementary/tables30.xlsx,archived,Recovered from the local DOI-keyed supplement stash and copied into the governed source library.,PRJEB19970,10.1126/science.aam5298,application/vnd.openxmlformats-officedocument.spreadsheetml.sheet,14262,adna/governance/source_library/papers/10.1126-science.aam5298/supplementary/tables30.xlsx,,
10.1126-science.aam5298:tables31.xlsx,supplementary_table,curated supplementary asset tables31.xlsx,https://pubmed.ncbi.nlm.nih.gov/28450643/,adna/governance/source_library/papers/10.1126-science.aam5298/supplementary/tables31.xlsx,archived,Recovered from the local DOI-keyed supplement stash and copied into the governed source library.,PRJEB19970,10.1126/science.aam5298,application/vnd.openxmlformats-officedocument.spreadsheetml.sheet,121400,adna/governance/source_library/papers/10.1126-science.aam5298/supplementary/tables31.xlsx,,
PRJEB19970:archive_metadata.html,archive_metadata_html,archive metadata page,"https://www.ebi.ac.uk/ena/portal/api/filereport?accession=PRJEB19970&result=read_run&fields=study_accession,sample_accession,experiment_accession,run_accession,tax_id,scientific_name,library_layout,library_source,library_strategy,instrument_model,base_count,read_count,fastq_bytes,fastq_ftp,submitted_ftp,sra_ftp&format=tsv&download=true&limit=0",adna/governance/source_library/projects/PRJEB19970/archive_metadata.html,archived,Archive-facing metadata page captured for the tracked accession.,PRJEB19970,10.1126/science.aam5298,text/plain,86627,adna/governance/source_library/projects/PRJEB19970/archive_metadata.html.gz,10796,gzip
10.1126-science.aao3297:aao3297_gaunitz_sm.pdf,supplementary_pdf,curated supplementary asset aao3297_gaunitz_sm.pdf,https://pubmed.ncbi.nlm.nih.gov/29472442/,adna/governance/source_library/papers/10.1126-science.aao3297/supplementary/aao3297_gaunitz_sm.pdf,archived,Recovered from the local DOI-keyed supplement stash and copied into the governed source library.,PRJEB22390,10.1126/science.aao3297,application/pdf,5001419,adna/governance/source_library/papers/10.1126-science.aao3297/supplementary/aao3297_gaunitz_sm.pdf,,
10.1126-science.aao3297:aao3297_tables10.xls,supplementary_table,curated supplementary asset aao3297_tables10.xls,https://pubmed.ncbi.nlm.nih.gov/29472442/,adna/governance/source_library/papers/10.1126-science.aao3297/supplementary/aao3297_tables10.xls,archived,Recovered from the local DOI-keyed supplement stash and copied into the governed source library.,PRJEB22390,10.1126/science.aao3297,application/vnd.ms-excel,177664,adna/governance/source_library/papers/10.1126-science.aao3297/supplementary/aao3297_tables10.xls,,
10.1126-science.aao3297:aao3297_tables11.xlsx,supplementary_table,curated supplementary asset aao3297_tables11.xlsx,https://pubmed.ncbi.nlm.nih.gov/29472442/,adna/governance/source_library/papers/10.1126-science.aao3297/supplementary/aao3297_tables11.xlsx,archived,Recovered from the local DOI-keyed supplement stash and copied into the governed source library.,PRJEB22390,10.1126/science.aao3297,application/vnd.openxmlformats-officedocument.spreadsheetml.sheet,45373,adna/governance/source_library/papers/10.1126-science.aao3297/supplementary/aao3297_tables11.xlsx,,
10.1126-science.aao3297:aao3297_tables12.xlsx,supplementary_table,curated supplementary asset aao3297_tables12.xlsx,https://pubmed.ncbi.nlm.nih.gov/29472442/,adna/governance/source_library/papers/10.1126-science.aao3297/supplementary/aao3297_tables12.xlsx,archived,Recovered from the local DOI-keyed supplement stash and copied into the governed source library.,PRJEB22390,10.1126/science.aao3297,application/vnd.openxmlformats-officedocument.spreadsheetml.sheet,45844,adna/governance/source_library/papers/10.1126-science.aao3297/supplementary/aao3297_tables12.xlsx,,
10.1126-science.aao3297:aao3297_tables13.xlsx,supplementary_table,curated supplementary asset aao3297_tables13.xlsx,https://pubmed.ncbi.nlm.nih.gov/29472442/,adna/governance/source_library/papers/10.1126-science.aao3297/supplementary/aao3297_tables13.xlsx,archived,Recovered from the local DOI-keyed supplement stash and copied into the governed source library.,PRJEB22390,10.1126/science.aao3297,application/vnd.openxmlformats-officedocument.spreadsheetml.sheet,53114,adna/governance/source_library/papers/10.1126-science.aao3297/supplementary/aao3297_tables13.xlsx,,
10.1126-science.aao3297:aao3297_tables14.xlsx,supplementary_table,curated supplementary asset aao3297_tables14.xlsx,https://pubmed.ncbi.nlm.nih.gov/29472442/,adna/governance/source_library/papers/10.1126-science.aao3297/supplementary/aao3297_tables14.xlsx,archived,Recovered from the local DOI-keyed supplement stash and copied into the governed source library.,PRJEB22390,10.1126/science.aao3297,application/vnd.openxmlformats-officedocument.spreadsheetml.sheet,53256,adna/governance/source_library/papers/10.1126-science.aao3297/supplementary/aao3297_tables14.xlsx,,
10.1126-science.aao3297:aao3297_tables15.xlsx,supplementary_table,curated supplementary asset aao3297_tables15.xlsx,https://pubmed.ncbi.nlm.nih.gov/29472442/,adna/governance/source_library/papers/10.1126-science.aao3297/supplementary/aao3297_tables15.xlsx,archived,Recovered from the local DOI-keyed supplement stash and copied into the governed source library.,PRJEB22390,10.1126/science.aao3297,application/vnd.openxmlformats-officedocument.spreadsheetml.sheet,48231,adna/governance/source_library/papers/10.1126-science.aao3297/supplementary/aao3297_tables15.xlsx,,
10.1126-science.aao3297:aao3297_tables16.xls,supplementary_table,curated supplementary asset aao3297_tables16.xls,https://pubmed.ncbi.nlm.nih.gov/29472442/,adna/governance/source_library/papers/10.1126-science.aao3297/supplementary/aao3297_tables16.xls,archived,Recovered from the local DOI-keyed supplement stash and copied into the governed source library.,PRJEB22390,10.1126/science.aao3297,application/vnd.ms-excel,96768,adna/governance/source_library/papers/10.1126-science.aao3297/supplementary/aao3297_tables16.xls,,
10.1126-science.aao3297:aao3297_tables17.xlsx,supplementary_table,curated supplementary asset aao3297_tables17.xlsx,https://pubmed.ncbi.nlm.nih.gov/29472442/,adna/governance/source_library/papers/10.1126-science.aao3297/supplementary/aao3297_tables17.xlsx,archived,Recovered from the local DOI-keyed supplement stash and copied into the governed source library.,PRJEB22390,10.1126/science.aao3297,application/vnd.openxmlformats-officedocument.spreadsheetml.sheet,37253,adna/governance/source_library/papers/10.1126-science.aao3297/supplementary/aao3297_tables17.xlsx,,
10.1126-science.aao3297:aao3297_tables18.xlsx,supplementary_table,curated supplementary asset aao3297_tables18.xlsx,https://pubmed.ncbi.nlm.nih.gov/29472442/,adna/governance/source_library/papers/10.1126-science.aao3297/supplementary/aao3297_tables18.xlsx,archived,Recovered from the local DOI-keyed supplement stash and copied into the governed source library.,PRJEB22390,10.1126/science.aao3297,application/vnd.openxmlformats-officedocument.spreadsheetml.sheet,65035,adna/governance/source_library/papers/10.1126-science.aao3297/supplementary/aao3297_tables18.xlsx,,
10.1126-science.aao3297:aao3297_tables8.xlsx,supplementary_table,curated supplementary asset aao3297_tables8.xlsx,https://pubmed.ncbi.nlm.nih.gov/29472442/,adna/governance/source_library/papers/10.1126-science.aao3297/supplementary/aao3297_tables8.xlsx,archived,Recovered from the local DOI-keyed supplement stash and copied into the governed source library.,PRJEB22390,10.1126/science.aao3297,application/vnd.openxmlformats-officedocument.spreadsheetml.sheet,11476,adna/governance/source_library/papers/10.1126-science.aao3297/supplementary/aao3297_tables8.xlsx,,
10.1126-science.aao3297:aao3297_tables9.xlsx,supplementary_table,curated supplementary asset aao3297_tables9.xlsx,https://pubmed.ncbi.nlm.nih.gov/29472442/,adna/governance/source_library/papers/10.1126-science.aao3297/supplementary/aao3297_tables9.xlsx,archived,Recovered from the local DOI-keyed supplement stash and copied into the governed source library.,PRJEB22390,10.1126/science.aao3297,application/vnd.openxmlformats-officedocument.spreadsheetml.sheet,10852,adna/governance/source_library/papers/10.1126-science.aao3297/supplementary/aao3297_tables9.xlsx,,
10.1126-science.aao3297:article.html,article_html,article source,https://pubmed.ncbi.nlm.nih.gov/29472442/,adna/governance/source_library/papers/10.1126-science.aao3297/article.html,archived,PubMed landing page is archived because publisher automation is blocked.,PRJEB22390,10.1126/science.aao3297,text/html; charset=utf-8,213349,adna/governance/source_library/papers/10.1126-science.aao3297/article.html.gz,30197,gzip
10.1126-science.aao3297:crossref.json,paper_metadata_json,crossref metadata,https://api.crossref.org/works/10.1126/science.aao3297,adna/governance/source_library/papers/10.1126-science.aao3297/crossref.json,archived,Crossref metadata snapshot preserves DOI and title even when publisher downloads are blocked.,PRJEB22390,10.1126/science.aao3297,application/json,42253,,,
10.1126-science.aao3297:pubmed.xml,paper_metadata_json,pubmed abstract,https://eutils.ncbi.nlm.nih.gov/entrez/eutils/efetch.fcgi?db=pubmed&id=29472442&retmode=xml,adna/governance/source_library/papers/10.1126-science.aao3297/pubmed.xml,archived,PubMed XML snapshot provides publisher-independent citation and abstract metadata.,PRJEB22390,10.1126/science.aao3297,text/xml; charset=UTF-8,22421,,,
PRJEB22390:archive_metadata.html,archive_metadata_html,archive metadata page,"https://www.ebi.ac.uk/ena/portal/api/filereport?accession=PRJEB22390&result=read_run&fields=study_accession,sample_accession,experiment_accession,run_accession,tax_id,scientific_name,library_layout,library_source,library_strategy,instrument_model,base_count,read_count,fastq_bytes,fastq_ftp,submitted_ftp,sra_ftp&format=tsv&download=true&limit=0",adna/governance/source_library/projects/PRJEB22390/archive_metadata.html,archived,Archive-facing metadata page captured for the tracked accession.,PRJEB22390,10.1126/science.aao3297,text/plain,19564,adna/governance/source_library/projects/PRJEB22390/archive_metadata.html.gz,2843,gzip
10.1126-science.aav1002:aav1002_verdugo_sm.pdf,supplementary_pdf,curated supplementary asset aav1002_verdugo_sm.pdf,https://pubmed.ncbi.nlm.nih.gov/31296769/,adna/governance/source_library/papers/10.1126-science.aav1002/supplementary/aav1002_verdugo_sm.pdf,archived,Recovered from the local DOI-keyed supplement stash and copied into the governed source library.,PRJEB31621,10.1126/science.aav1002,application/pdf,5901232,adna/governance/source_library/papers/10.1126-science.aav1002/supplementary/aav1002_verdugo_sm.pdf,,
10.1126-science.aav1002:article.html,article_html,article source,https://pubmed.ncbi.nlm.nih.gov/31296769/,adna/governance/source_library/papers/10.1126-science.aav1002/article.html,archived,PubMed landing page is archived because publisher automation is blocked.,PRJEB31621,10.1126/science.aav1002,text/html; charset=utf-8,202693,adna/governance/source_library/papers/10.1126-science.aav1002/article.html.gz,29525,gzip
10.1126-science.aav1002:crossref.json,paper_metadata_json,crossref metadata,https://api.crossref.org/works/10.1126/science.aav1002,adna/governance/source_library/papers/10.1126-science.aav1002/crossref.json,archived,Crossref metadata snapshot preserves DOI and title even when publisher downloads are blocked.,PRJEB31621,10.1126/science.aav1002,application/json,47512,,,
10.1126-science.aav1002:pubmed.xml,paper_metadata_json,pubmed abstract,https://eutils.ncbi.nlm.nih.gov/entrez/eutils/efetch.fcgi?db=pubmed&id=31296769&retmode=xml,adna/governance/source_library/papers/10.1126-science.aav1002/pubmed.xml,archived,PubMed XML snapshot provides publisher-independent citation and abstract metadata.,PRJEB31621,10.1126/science.aav1002,text/xml; charset=UTF-8,18863,,,
PRJEB31621:archive_metadata.html,archive_metadata_html,archive metadata page,"https://www.ebi.ac.uk/ena/portal/api/filereport?accession=PRJEB31621&result=read_run&fields=study_accession,sample_accession,experiment_accession,run_accession,tax_id,scientific_name,library_layout,library_source,library_strategy,instrument_model,base_count,read_count,fastq_bytes,fastq_ftp,submitted_ftp,sra_ftp&format=tsv&download=true&limit=0",adna/governance/source_library/projects/PRJEB31621/archive_metadata.html,archived,Archive-facing metadata page captured for the tracked accession.,PRJEB31621,10.1126/science.aav1002,text/plain,99850,adna/governance/source_library/projects/PRJEB31621/archive_metadata.html.gz,14596,gzip
10.1126-science.adt2642:article.html,article_html,article source,https://pmc.ncbi.nlm.nih.gov/articles/PMC7618505/,adna/governance/source_library/papers/10.1126-science.adt2642/article.html,archived,PMC full-text HTML is archived for the cat dispersal paper.,PRJEB81815,10.1126/science.adt2642,text/html; charset=utf-8,357353,adna/governance/source_library/papers/10.1126-science.adt2642/article.html.gz,83336,gzip
10.1126-science.adt2642:crossref.json,paper_metadata_json,crossref metadata,https://api.crossref.org/works/10.1126/science.adt2642,adna/governance/source_library/papers/10.1126-science.adt2642/crossref.json,archived,Crossref metadata snapshot preserves DOI and title even when publisher downloads are blocked.,PRJEB81815,10.1126/science.adt2642,application/json,50762,,,
10.1126-science.adt2642:science.adt2642_mdar_reproducibility_checklist.pdf,supplementary_pdf,curated supplementary asset science.adt2642_mdar_reproducibility_checklist.pdf,https://pmc.ncbi.nlm.nih.gov/articles/PMC7618505/,adna/governance/source_library/papers/10.1126-science.adt2642/supplementary/science.adt2642_mdar_reproducibility_checklist.pdf,archived,Recovered from the local DOI-keyed supplement stash and copied into the governed source library.,PRJEB81815,10.1126/science.adt2642,application/pdf,477572,adna/governance/source_library/papers/10.1126-science.adt2642/supplementary/science.adt2642_mdar_reproducibility_checklist.pdf,,
10.1126-science.adt2642:science.adt2642_sm.pdf,supplementary_pdf,curated supplementary asset science.adt2642_sm.pdf,https://pmc.ncbi.nlm.nih.gov/articles/PMC7618505/,adna/governance/source_library/papers/10.1126-science.adt2642/supplementary/science.adt2642_sm.pdf,archived,Recovered from the local DOI-keyed supplement stash and copied into the governed source library.,PRJEB81815,10.1126/science.adt2642,application/pdf,4588746,adna/governance/source_library/papers/10.1126-science.adt2642/supplementary/science.adt2642_sm.pdf,,
10.1126-science.adt2642:science.adt2642_tables s1_to_s8.zip,supplementary_zip,curated supplementary asset science.adt2642_tables s1_to_s8.zip,https://pmc.ncbi.nlm.nih.gov/articles/PMC7618505/,adna/governance/source_library/papers/10.1126-science.adt2642/supplementary/science.adt2642_tables s1_to_s8.zip,archived,Recovered from the local DOI-keyed supplement stash and copied into the governed source library.,PRJEB81815,10.1126/science.adt2642,application/zip,185895,adna/governance/source_library/papers/10.1126-science.adt2642/supplementary/science.adt2642_tables s1_to_s8.zip,,
PRJEB81815:archive_metadata.html,archive_metadata_html,archive metadata page,"https://www.ebi.ac.uk/ena/portal/api/filereport?accession=PRJEB81815&result=read_run&fields=study_accession,sample_accession,experiment_accession,run_accession,tax_id,scientific_name,library_layout,library_source,library_strategy,instrument_model,base_count,read_count,fastq_bytes,fastq_ftp,submitted_ftp,sra_ftp&format=tsv&download=true&limit=0",adna/governance/source_library/projects/PRJEB81815/archive_metadata.html,archived,Archive-facing metadata page captured for the tracked accession.,PRJEB81815,10.1126/science.adt2642,text/plain,34592,adna/governance/source_library/projects/PRJEB81815/archive_metadata.html.gz,5032,gzip
10.24272-j.issn.2095-8137.2025.080:Supplementary_tables.xlsx,supplementary_table,curated supplementary asset Supplementary_tables.xlsx,https://www.zoores.ac.cn/en/article/doi/10.24272/j.issn.2095-8137.2025.080,adna/governance/source_library/papers/10.24272-j.issn.2095-8137.2025.080/supplementary/Supplementary_tables.xlsx,archived,Recovered from the local DOI-keyed supplement stash and copied into the governed source library.,PRJNA1328209,10.24272/j.issn.2095-8137.2025.080,application/vnd.openxmlformats-officedocument.spreadsheetml.sheet,42068,adna/governance/source_library/papers/10.24272-j.issn.2095-8137.2025.080/supplementary/Supplementary_tables.xlsx,,
10.24272-j.issn.2095-8137.2025.080:ZR-2025-080-Supplementary Materials.pdf,supplementary_pdf,curated supplementary asset ZR-2025-080-Supplementary Materials.pdf,https://www.zoores.ac.cn/en/article/doi/10.24272/j.issn.2095-8137.2025.080,adna/governance/source_library/papers/10.24272-j.issn.2095-8137.2025.080/supplementary/ZR-2025-080-Supplementary Materials.pdf,archived,Recovered from the local DOI-keyed supplement stash and copied into the governed source library.,PRJNA1328209,10.24272/j.issn.2095-8137.2025.080,application/pdf,1252589,adna/governance/source_library/papers/10.24272-j.issn.2095-8137.2025.080/supplementary/ZR-2025-080-Supplementary Materials.pdf,,
10.24272-j.issn.2095-8137.2025.080:article.html,article_html,article source,https://www.zoores.ac.cn/en/article/doi/10.24272/j.issn.2095-8137.2025.080,adna/governance/source_library/papers/10.24272-j.issn.2095-8137.2025.080/article.html,archived,Publisher article page is archived for the goat paper.,PRJNA1328209,10.24272/j.issn.2095-8137.2025.080,text/html;charset=UTF-8,342896,adna/governance/source_library/papers/10.24272-j.issn.2095-8137.2025.080/article.html.gz,75226,gzip
10.24272-j.issn.2095-8137.2025.080:crossref.json,paper_metadata_json,crossref metadata,https://api.crossref.org/works/10.24272/j.issn.2095-8137.2025.080,adna/governance/source_library/papers/10.24272-j.issn.2095-8137.2025.080/crossref.json,archived,Crossref metadata snapshot preserves DOI and title even when publisher downloads are blocked.,PRJNA1328209,10.24272/j.issn.2095-8137.2025.080,application/json,6608,,,
10.24272-j.issn.2095-8137.2025.080:pubmed.xml,paper_metadata_json,pubmed abstract,https://eutils.ncbi.nlm.nih.gov/entrez/eutils/efetch.fcgi?db=pubmed&id=41983443&retmode=xml,adna/governance/source_library/papers/10.24272-j.issn.2095-8137.2025.080/pubmed.xml,archived,PubMed XML snapshot provides publisher-independent citation and abstract metadata.,PRJNA1328209,10.24272/j.issn.2095-8137.2025.080,text/xml; charset=UTF-8,27879,,,
PRJNA1328209:archive_metadata.html,archive_metadata_html,archive metadata page,"https://www.ebi.ac.uk/ena/portal/api/filereport?accession=PRJNA1328209&result=read_run&fields=study_accession,sample_accession,experiment_accession,run_accession,tax_id,scientific_name,library_layout,library_source,library_strategy,instrument_model,base_count,read_count,fastq_bytes,fastq_ftp,submitted_ftp,sra_ftp&format=tsv&download=true&limit=0",adna/governance/source_library/projects/PRJNA1328209/archive_metadata.html,archived,Archive-facing metadata page captured for the tracked accession.,PRJNA1328209,10.24272/j.issn.2095-8137.2025.080,text/plain,221,adna/governance/source_library/projects/PRJNA1328209/archive_metadata.html.gz,140,gzip
