species_latin_name,recovered_sample_row_count,normalized_row_count,exact_sample_date_count,modeled_or_approximate_sample_date_count,contextual_date_count,broad_label_count,text_only_unparsed_count,unresolved_count,chronology_completeness_ratio
Bos taurus,132,11,0,0,11,0,0,121,0.0833
Camelus dromedarius,13,13,13,0,0,0,0,0,1.0
Canis lupus familiaris,4,4,3,0,1,0,0,0,1.0
Capra hircus,82,82,9,73,0,0,73,0,1.0
Equus caballus,548,548,539,1,8,0,1,0,1.0
Felis catus,109,109,17,5,87,0,5,0,1.0
Ovis aries,200,195,167,13,15,0,13,5,0.975
Rangifer tarandus,20,20,0,0,20,0,0,0,1.0
Sus scrofa domesticus,343,343,0,0,343,0,0,0,1.0
